date,version,sites
2010-06-14 23:00:00,all,27447
2013-06-06 23:00:00,all,34429
2013-06-19 23:00:00,all,34513
2013-12-03 00:00:00,all,34641
2016-09-14 23:00:00,all,30650
2017-01-01 00:00:00,all,30307
2017-03-18 00:00:00,all,30004
2017-03-20 00:00:00,all,29996
2017-03-25 00:00:00,all,29934
2017-03-26 23:00:00,all,29921
2017-03-29 23:00:00,all,29908
2017-03-31 23:00:00,all,29912
2017-04-01 23:00:00,all,29901
2017-04-02 23:00:00,all,29896
2017-04-03 23:00:00,all,29894
2017-04-06 23:00:00,all,29907
2017-04-07 23:00:00,all,29887
2017-04-09 23:00:00,all,29869
2017-04-10 23:00:00,all,29858
2017-04-12 23:00:00,all,29845
2017-04-13 23:00:00,all,29835
2017-04-14 23:00:00,all,29830
2017-04-15 23:00:00,all,29815
2017-04-16 23:00:00,all,29803
2018-03-24 00:00:00,all,27830
2018-03-24 00:00:00,3.2,2064
2018-03-24 00:00:00,3.1,5729
2018-03-24 00:00:00,3.0,8507
2018-05-24 23:00:00,all,27356
2018-05-24 23:00:00,3.2,2214
2018-05-24 23:00:00,3.1,5610
2018-05-24 23:00:00,3.0,8387
2018-05-28 23:00:00,all,27326
2018-05-28 23:00:00,3.2,2369
2018-05-28 23:00:00,3.1,5490
2018-05-28 23:00:00,3.0,8258
2018-06-03 23:00:00,all,27298
2018-06-03 23:00:00,3.2,2525
2018-06-03 23:00:00,3.1,5370
2018-06-03 23:00:00,3.0,8124
2018-06-06 23:00:00,all,27282
2018-06-06 23:00:00,3.2,2540
2018-06-06 23:00:00,3.1,5356
2018-06-06 23:00:00,3.0,8117
2018-06-10 23:00:00,all,27247
2018-06-10 23:00:00,3.2,2561
2018-06-10 23:00:00,3.1,5337
2018-06-10 23:00:00,3.0,8112
2018-06-11 23:00:00,all,27238
2018-06-11 23:00:00,3.2,2569
2018-06-11 23:00:00,3.1,5328
2018-06-11 23:00:00,3.0,8108
2018-06-14 23:00:00,all,27210
2018-06-14 23:00:00,3.2,2589
2018-06-14 23:00:00,3.1,5308
2018-06-14 23:00:00,3.0,8095
2018-06-18 23:00:00,all,27190
2018-06-18 23:00:00,3.2,2606
2018-06-18 23:00:00,3.1,5291
2018-06-18 23:00:00,3.0,8086
2018-06-24 23:00:00,all,27113
2018-06-24 23:00:00,3.2,2633
2018-06-24 23:00:00,3.1,5245
2018-06-24 23:00:00,3.0,8026
2018-06-26 23:00:00,all,27084
2018-06-26 23:00:00,3.2,2642
2018-06-26 23:00:00,3.1,5241
2018-06-26 23:00:00,3.0,8017
2018-06-28 23:00:00,all,27068
2018-06-28 23:00:00,3.2,2643
2018-06-28 23:00:00,3.1,5237
2018-06-28 23:00:00,3.0,8015
2018-07-01 23:00:00,all,27053
2018-07-01 23:00:00,3.2,2670
2018-07-01 23:00:00,3.1,5214
2018-07-01 23:00:00,3.0,8023
2018-07-02 23:00:00,all,27049
2018-07-02 23:00:00,3.2,2685
2018-07-02 23:00:00,3.1,5206
2018-07-02 23:00:00,3.0,8029
2018-07-03 23:00:00,all,27045
2018-07-03 23:00:00,3.2,2714
2018-07-03 23:00:00,3.1,5203
2018-07-03 23:00:00,3.0,7999
2018-07-04 23:00:00,all,27048
2018-07-04 23:00:00,3.2,2755
2018-07-04 23:00:00,3.1,5204
2018-07-04 23:00:00,3.0,7962
2018-07-05 23:00:00,all,27046
2018-07-05 23:00:00,3.2,2853
2018-07-05 23:00:00,3.1,5203
2018-07-05 23:00:00,3.0,7860
2018-07-09 23:00:00,all,27031
2018-07-09 23:00:00,3.2,3031
2018-07-09 23:00:00,3.1,5194
2018-07-09 23:00:00,3.0,7677
2018-07-10 23:00:00,all,27029
2018-07-10 23:00:00,3.2,3063
2018-07-10 23:00:00,3.1,5196
2018-07-10 23:00:00,3.0,7646
2018-07-11 23:00:00,all,27007
2018-07-11 23:00:00,3.2,3070
2018-07-11 23:00:00,3.1,5193
2018-07-11 23:00:00,3.0,7625
2018-07-12 23:00:00,all,26995
2018-07-12 23:00:00,3.2,3077
2018-07-12 23:00:00,3.1,5189
2018-07-12 23:00:00,3.0,7619
2018-07-15 23:00:00,all,26963
2018-07-15 23:00:00,3.2,3082
2018-07-15 23:00:00,3.1,5178
2018-07-15 23:00:00,3.0,7612
2018-07-16 23:00:00,all,26951
2018-07-16 23:00:00,3.2,3082
2018-07-16 23:00:00,3.1,5174
2018-07-16 23:00:00,3.0,7603
2018-07-17 23:00:00,all,26945
2018-07-17 23:00:00,3.2,3083
2018-07-17 23:00:00,3.1,5174
2018-07-17 23:00:00,3.0,7598
2018-07-20 23:00:00,all,26904
2018-07-20 23:00:00,3.2,3094
2018-07-20 23:00:00,3.1,5149
2018-07-20 23:00:00,3.0,7585
2018-07-23 23:00:00,all,26871
2018-07-23 23:00:00,3.2,3111
2018-07-23 23:00:00,3.1,5130
2018-07-23 23:00:00,3.0,7565
2018-07-24 23:00:00,all,26870
2018-07-24 23:00:00,3.2,3127
2018-07-24 23:00:00,3.1,5128
2018-07-24 23:00:00,3.0,7554
2018-07-25 23:00:00,all,26850
2018-07-25 23:00:00,3.2,3140
2018-07-25 23:00:00,3.1,5122
2018-07-25 23:00:00,3.0,7535
2018-07-29 23:00:00,all,26814
2018-07-29 23:00:00,3.2,3162
2018-07-29 23:00:00,3.1,5112
2018-07-29 23:00:00,3.0,7510
2018-07-30 23:00:00,all,26810
2018-07-30 23:00:00,3.2,3161
2018-07-30 23:00:00,3.1,5111
2018-07-30 23:00:00,3.0,7505
2018-08-01 23:00:00,all,26782
2018-08-01 23:00:00,3.2,3172
2018-08-01 23:00:00,3.1,5097
2018-08-01 23:00:00,3.0,7483
2018-08-02 23:00:00,all,26758
2018-08-02 23:00:00,3.2,3172
2018-08-02 23:00:00,3.1,5086
2018-08-02 23:00:00,3.0,7478
2018-08-05 23:00:00,all,26721
2018-08-05 23:00:00,3.2,3172
2018-08-05 23:00:00,3.1,5074
2018-08-05 23:00:00,3.0,7471
2018-08-07 23:00:00,all,26698
2018-08-07 23:00:00,3.2,3177
2018-08-07 23:00:00,3.1,5061
2018-08-07 23:00:00,3.0,7457
2018-08-10 23:00:00,all,26676
2018-08-10 23:00:00,3.2,3184
2018-08-10 23:00:00,3.1,5045
2018-08-10 23:00:00,3.0,7439
2018-08-12 23:00:00,all,26663
2018-08-12 23:00:00,3.2,3189
2018-08-12 23:00:00,3.1,5031
2018-08-12 23:00:00,3.0,7437
2018-08-17 23:00:00,all,26618
2018-08-17 23:00:00,3.2,3217
2018-08-17 23:00:00,3.1,5009
2018-08-17 23:00:00,3.0,7424
2018-08-23 23:00:00,all,26560
2018-08-23 23:00:00,3.2,3230
2018-08-23 23:00:00,3.1,4997
2018-08-23 23:00:00,3.0,7385
2018-08-23 23:00:00,2.1,5826
2018-08-23 23:00:00,2.0,2520
2018-08-23 23:00:00,1.9,1632
2018-08-23 23:00:00,1.8,2
2018-08-26 23:00:00,all,26527
2018-08-26 23:00:00,3.2,3234
2018-08-26 23:00:00,3.1,4992
2018-08-26 23:00:00,3.0,7357
2018-08-26 23:00:00,2.1,5797
2018-08-26 23:00:00,2.0,2543
2018-08-26 23:00:00,1.9,1618
2018-08-26 23:00:00,1.8,2
2018-08-28 23:00:00,all,26506
2018-08-28 23:00:00,3.2,3238
2018-08-28 23:00:00,3.1,4981
2018-08-28 23:00:00,3.0,7341
2018-08-28 23:00:00,2.1,5775
2018-08-28 23:00:00,2.0,2555
2018-08-28 23:00:00,1.9,1607
2018-08-28 23:00:00,1.8,2
2018-08-30 23:00:00,all,26484
2018-08-30 23:00:00,3.2,3242
2018-08-30 23:00:00,3.1,4974
2018-08-30 23:00:00,3.0,7333
2018-08-30 23:00:00,2.1,5785
2018-08-30 23:00:00,2.0,2543
2018-08-30 23:00:00,1.9,1614
2018-08-30 23:00:00,1.8,2
2018-09-02 23:00:00,all,26462
2018-09-02 23:00:00,3.2,3246
2018-09-02 23:00:00,3.1,4970
2018-09-02 23:00:00,3.0,7327
2018-09-02 23:00:00,2.1,5809
2018-09-02 23:00:00,2.0,2517
2018-09-02 23:00:00,1.9,1625
2018-09-02 23:00:00,1.8,2
2018-09-04 23:00:00,all,26461
2018-09-04 23:00:00,3.2,3250
2018-09-04 23:00:00,3.1,4966
2018-09-04 23:00:00,3.0,7331
2018-09-04 23:00:00,2.1,5809
2018-09-04 23:00:00,2.0,2517
2018-09-04 23:00:00,1.9,1630
2018-09-04 23:00:00,1.8,2
2018-09-09 23:00:00,all,26418
2018-09-09 23:00:00,3.2,3265
2018-09-09 23:00:00,3.1,4922
2018-09-09 23:00:00,3.0,7306
2018-09-09 23:00:00,2.1,5782
2018-09-09 23:00:00,2.0,2523
2018-09-09 23:00:00,1.9,1626
2018-09-09 23:00:00,1.8,2
2018-09-12 23:00:00,all,26395
2018-09-12 23:00:00,3.2,3282
2018-09-12 23:00:00,3.1,4910
2018-09-12 23:00:00,3.0,7289
2018-09-12 23:00:00,2.1,5789
2018-09-12 23:00:00,2.0,2506
2018-09-12 23:00:00,1.9,1630
2018-09-12 23:00:00,1.8,2
2018-09-16 23:00:00,all,26373
2018-09-16 23:00:00,3.2,3315
2018-09-16 23:00:00,3.1,4881
2018-09-16 23:00:00,3.0,7255
2018-09-16 23:00:00,2.1,5786
2018-09-16 23:00:00,2.0,2503
2018-09-16 23:00:00,1.9,1625
2018-09-16 23:00:00,1.8,2
2018-09-20 23:00:00,all,26362
2018-09-20 23:00:00,3.2,3334
2018-09-20 23:00:00,3.1,4861
2018-09-20 23:00:00,3.0,7239
2018-09-20 23:00:00,2.1,5766
2018-09-20 23:00:00,2.0,2514
2018-09-20 23:00:00,1.9,1625
2018-09-20 23:00:00,1.8,2
2018-09-23 23:00:00,all,26350
2018-09-23 23:00:00,3.2,3346
2018-09-23 23:00:00,3.1,4852
2018-09-23 23:00:00,3.0,7228
2018-09-23 23:00:00,2.1,5756
2018-09-23 23:00:00,2.0,2517
2018-09-23 23:00:00,1.9,1624
2018-09-23 23:00:00,1.8,2
2018-10-04 23:00:00,all,26312
2018-10-04 23:00:00,3.2,3411
2018-10-04 23:00:00,3.1,4849
2018-10-04 23:00:00,3.0,7209
2018-10-04 23:00:00,2.1,5755
2018-10-04 23:00:00,2.0,2503
2018-10-04 23:00:00,1.9,1620
2018-10-04 23:00:00,1.8,2
2018-10-09 23:00:00,all,26300
2018-10-09 23:00:00,3.2,3450
2018-10-09 23:00:00,3.1,4821
2018-10-09 23:00:00,3.0,7202
2018-10-09 23:00:00,2.1,5749
2018-10-09 23:00:00,2.0,2498
2018-10-09 23:00:00,1.9,1620
2018-10-09 23:00:00,1.8,2
2018-10-13 23:00:00,all,26303
2018-10-13 23:00:00,3.2,3557
2018-10-13 23:00:00,3.1,4730
2018-10-13 23:00:00,3.0,7190
2018-10-13 23:00:00,2.1,5734
2018-10-13 23:00:00,2.0,2506
2018-10-13 23:00:00,1.9,1618
2018-10-13 23:00:00,1.8,2
2018-10-16 23:00:00,all,26299
2018-10-16 23:00:00,3.2,3591
2018-10-16 23:00:00,3.1,4718
2018-10-16 23:00:00,3.0,7186
2018-10-16 23:00:00,2.1,5741
2018-10-16 23:00:00,2.0,2489
2018-10-16 23:00:00,1.9,1618
2018-10-16 23:00:00,1.8,2
2018-10-21 23:00:00,all,26290
2018-10-21 23:00:00,3.2,3626
2018-10-21 23:00:00,3.1,4701
2018-10-21 23:00:00,3.0,7169
2018-10-21 23:00:00,2.1,5720
2018-10-21 23:00:00,2.0,2497
2018-10-21 23:00:00,1.9,1616
2018-10-21 23:00:00,1.8,2
2018-10-29 00:00:00,all,26258
2018-10-29 00:00:00,3.2,3657
2018-10-29 00:00:00,3.1,4669
2018-10-29 00:00:00,3.0,7153
2018-10-29 00:00:00,2.1,5723
2018-10-29 00:00:00,2.0,2482
2018-10-29 00:00:00,1.9,1612
2018-10-29 00:00:00,1.8,2
2018-11-08 00:00:00,all,26215
2018-11-08 00:00:00,3.2,3696
2018-11-08 00:00:00,3.1,4636
2018-11-08 00:00:00,3.0,7125
2018-11-08 00:00:00,2.1,5707
2018-11-08 00:00:00,2.0,2489
2018-11-08 00:00:00,1.9,1614
2018-11-08 00:00:00,1.8,2
2018-11-13 00:00:00,all,26190
2018-11-13 00:00:00,3.2,3723
2018-11-13 00:00:00,3.1,4607
2018-11-13 00:00:00,3.0,7104
2018-11-13 00:00:00,2.1,5692
2018-11-13 00:00:00,2.0,2491
2018-11-13 00:00:00,1.9,1610
2018-11-13 00:00:00,1.8,2
2018-11-17 00:00:00,all,26186
2018-11-17 00:00:00,3.2,3746
2018-11-17 00:00:00,3.1,4611
2018-11-17 00:00:00,3.0,7085
2018-11-17 00:00:00,2.1,5703
2018-11-17 00:00:00,2.0,2473
2018-11-17 00:00:00,1.9,1612
2018-11-17 00:00:00,1.8,2
2018-11-21 00:00:00,all,26160
2018-11-21 00:00:00,3.2,3781
2018-11-21 00:00:00,3.1,4598
2018-11-21 00:00:00,3.0,7056
2018-11-21 00:00:00,2.1,5681
2018-11-21 00:00:00,2.0,2481
2018-11-21 00:00:00,1.9,1609
2018-11-21 00:00:00,1.8,2
2018-11-23 00:00:00,all,26166
2018-11-23 00:00:00,3.2,3803
2018-11-23 00:00:00,3.1,4597
2018-11-23 00:00:00,3.0,7049
2018-11-23 00:00:00,2.1,5672
2018-11-23 00:00:00,2.0,2486
2018-11-23 00:00:00,1.9,1608
2018-11-23 00:00:00,1.8,2
2018-11-28 00:00:00,all,26134
2018-11-28 00:00:00,3.2,3828
2018-11-28 00:00:00,3.1,4576
2018-11-28 00:00:00,3.0,7013
2018-11-28 00:00:00,2.1,5670
2018-11-28 00:00:00,2.0,2484
2018-11-28 00:00:00,1.9,1603
2018-11-28 00:00:00,1.8,2
2018-11-29 00:00:00,all,26132
2018-11-29 00:00:00,3.2,3844
2018-11-29 00:00:00,3.1,4574
2018-11-29 00:00:00,3.0,6999
2018-11-29 00:00:00,2.1,5667
2018-11-29 00:00:00,2.0,2483
2018-11-29 00:00:00,1.9,1598
2018-11-29 00:00:00,1.8,2
2018-11-30 00:00:00,all,26122
2018-11-30 00:00:00,3.3,15
2018-11-30 00:00:00,3.2,3855
2018-11-30 00:00:00,3.1,4571
2018-11-30 00:00:00,3.0,6984
2018-11-30 00:00:00,2.1,5664
2018-11-30 00:00:00,2.0,2487
2018-11-30 00:00:00,1.9,1597
2018-11-30 00:00:00,1.8,2
2018-12-03 00:00:00,all,26106
2018-12-03 00:00:00,3.3,15
2018-12-03 00:00:00,3.2,3869
2018-12-03 00:00:00,3.1,4567
2018-12-03 00:00:00,3.0,6960
2018-12-03 00:00:00,2.1,5665
2018-12-03 00:00:00,2.0,2479
2018-12-03 00:00:00,1.9,1597
2018-12-03 00:00:00,1.8,2
2018-12-04 00:00:00,all,26093
2018-12-04 00:00:00,3.3,15
2018-12-04 00:00:00,3.2,3869
2018-12-04 00:00:00,3.1,4565
2018-12-04 00:00:00,3.0,6957
2018-12-04 00:00:00,2.1,5659
2018-12-04 00:00:00,2.0,2478
2018-12-04 00:00:00,1.9,1598
2018-12-04 00:00:00,1.8,2
2018-12-07 00:00:00,all,26070
2018-12-07 00:00:00,3.3,15
2018-12-07 00:00:00,3.2,3879
2018-12-07 00:00:00,3.1,4551
2018-12-07 00:00:00,3.0,6955
2018-12-07 00:00:00,2.1,5649
2018-12-07 00:00:00,2.0,2476
2018-12-07 00:00:00,1.9,1597
2018-12-07 00:00:00,1.8,2
2018-12-09 00:00:00,all,26050
2018-12-09 00:00:00,3.3,15
2018-12-09 00:00:00,3.2,3883
2018-12-09 00:00:00,3.1,4542
2018-12-09 00:00:00,3.0,6948
2018-12-09 00:00:00,2.1,5642
2018-12-09 00:00:00,2.0,2476
2018-12-09 00:00:00,1.9,1597
2018-12-09 00:00:00,1.8,2
2018-12-10 00:00:00,all,26043
2018-12-10 00:00:00,3.3,15
2018-12-10 00:00:00,3.2,3889
2018-12-10 00:00:00,3.1,4542
2018-12-10 00:00:00,3.0,6941
2018-12-10 00:00:00,2.1,5639
2018-12-10 00:00:00,2.0,2477
2018-12-10 00:00:00,1.9,1597
2018-12-10 00:00:00,1.8,2
2018-12-12 00:00:00,all,26036
2018-12-12 00:00:00,3.3,15
2018-12-12 00:00:00,3.2,3905
2018-12-12 00:00:00,3.1,4532
2018-12-12 00:00:00,3.0,6935
2018-12-12 00:00:00,2.1,5632
2018-12-12 00:00:00,2.0,2475
2018-12-12 00:00:00,1.9,1594
2018-12-12 00:00:00,1.8,2
2018-12-14 00:00:00,all,26024
2018-12-14 00:00:00,3.3,15
2018-12-14 00:00:00,3.2,3911
2018-12-14 00:00:00,3.1,4524
2018-12-14 00:00:00,3.0,6934
2018-12-14 00:00:00,2.1,5625
2018-12-14 00:00:00,2.0,2478
2018-12-14 00:00:00,1.9,1595
2018-12-14 00:00:00,1.8,2
2018-12-16 00:00:00,all,26019
2018-12-16 00:00:00,3.3,15
2018-12-16 00:00:00,3.2,3923
2018-12-16 00:00:00,3.1,4514
2018-12-16 00:00:00,3.0,6923
2018-12-16 00:00:00,2.1,5631
2018-12-16 00:00:00,2.0,2475
2018-12-16 00:00:00,1.9,1596
2018-12-16 00:00:00,1.8,2
2018-12-18 00:00:00,all,26016
2018-12-18 00:00:00,3.3,15
2018-12-18 00:00:00,3.2,3933
2018-12-18 00:00:00,3.1,4510
2018-12-18 00:00:00,3.0,6910
2018-12-18 00:00:00,2.1,5627
2018-12-18 00:00:00,2.0,2480
2018-12-18 00:00:00,1.9,1758
2018-12-18 00:00:00,1.8,2
2018-12-19 00:00:00,all,26024
2018-12-19 00:00:00,3.3,15
2018-12-19 00:00:00,3.2,3941
2018-12-19 00:00:00,3.1,4512
2018-12-19 00:00:00,3.0,6903
2018-12-19 00:00:00,2.1,5627
2018-12-19 00:00:00,2.0,2478
2018-12-19 00:00:00,1.9,1757
2018-12-19 00:00:00,1.8,2
2018-12-19 00:00:00,older,494
2018-12-19 00:00:00,unknown,272
2018-12-20 00:00:00,all,26017
2018-12-20 00:00:00,3.3,15
2018-12-20 00:00:00,3.2,3941
2018-12-20 00:00:00,3.1,4510
2018-12-20 00:00:00,3.0,6900
2018-12-20 00:00:00,2.1,5629
2018-12-20 00:00:00,2.0,2475
2018-12-20 00:00:00,1.9,1756
2018-12-20 00:00:00,1.8,2
2018-12-20 00:00:00,older,492
2018-12-20 00:00:00,unknown,274
2018-12-21 00:00:00,all,26009
2018-12-21 00:00:00,3.3,15
2018-12-21 00:00:00,3.2,3949
2018-12-21 00:00:00,3.1,4511
2018-12-21 00:00:00,3.0,6896
2018-12-21 00:00:00,2.1,5621
2018-12-21 00:00:00,2.0,2477
2018-12-21 00:00:00,1.9,1754
2018-12-21 00:00:00,1.8,2
2018-12-21 00:00:00,older,488
2018-12-21 00:00:00,unknown,273
2018-12-22 00:00:00,all,26001
2018-12-22 00:00:00,3.3,16
2018-12-22 00:00:00,3.2,3958
2018-12-22 00:00:00,3.1,4505
2018-12-22 00:00:00,3.0,6890
2018-12-22 00:00:00,2.1,5621
2018-12-22 00:00:00,2.0,2477
2018-12-22 00:00:00,1.9,1752
2018-12-22 00:00:00,1.8,2
2018-12-22 00:00:00,older,485
2018-12-22 00:00:00,unknown,272
2018-12-23 00:00:00,all,25996
2018-12-23 00:00:00,3.3,16
2018-12-23 00:00:00,3.2,3964
2018-12-23 00:00:00,3.1,4505
2018-12-23 00:00:00,3.0,6892
2018-12-23 00:00:00,2.1,5621
2018-12-23 00:00:00,2.0,2472
2018-12-23 00:00:00,1.9,1752
2018-12-23 00:00:00,1.8,2
2018-12-23 00:00:00,older,481
2018-12-23 00:00:00,unknown,269
2018-12-24 00:00:00,all,25996
2018-12-24 00:00:00,3.3,18
2018-12-24 00:00:00,3.2,3968
2018-12-24 00:00:00,3.1,4502
2018-12-24 00:00:00,3.0,6889
2018-12-24 00:00:00,2.1,5616
2018-12-24 00:00:00,2.0,2473
2018-12-24 00:00:00,1.9,1752
2018-12-24 00:00:00,1.8,2
2018-12-24 00:00:00,older,485
2018-12-24 00:00:00,unknown,269
2018-12-28 00:00:00,all,25986
2018-12-28 00:00:00,3.3,19
2018-12-28 00:00:00,3.2,3999
2018-12-28 00:00:00,3.1,4493
2018-12-28 00:00:00,3.0,6867
2018-12-28 00:00:00,2.1,5608
2018-12-28 00:00:00,2.0,2473
2018-12-28 00:00:00,1.9,1752
2018-12-28 00:00:00,1.8,2
2018-12-28 00:00:00,older,481
2018-12-28 00:00:00,unknown,270
2018-12-30 00:00:00,all,25966
2018-12-30 00:00:00,3.3,19
2018-12-30 00:00:00,3.2,4007
2018-12-30 00:00:00,3.1,4488
2018-12-30 00:00:00,3.0,6852
2018-12-30 00:00:00,2.1,5600
2018-12-30 00:00:00,2.0,2475
2018-12-30 00:00:00,1.9,1752
2018-12-30 00:00:00,1.8,2
2018-12-30 00:00:00,older,479
2018-12-30 00:00:00,unknown,270
2018-12-31 00:00:00,all,25952
2018-12-31 00:00:00,3.3,19
2018-12-31 00:00:00,3.2,4010
2018-12-31 00:00:00,3.1,4482
2018-12-31 00:00:00,3.0,6848
2018-12-31 00:00:00,2.1,5599
2018-12-31 00:00:00,2.0,2475
2018-12-31 00:00:00,1.9,1752
2018-12-31 00:00:00,1.8,2
2018-12-31 00:00:00,older,471
2018-12-31 00:00:00,unknown,272
2019-01-01 00:00:00,all,25929
2019-01-01 00:00:00,3.3,19
2019-01-01 00:00:00,3.2,4018
2019-01-01 00:00:00,3.1,4473
2019-01-01 00:00:00,3.0,6834
2019-01-01 00:00:00,2.1,5596
2019-01-01 00:00:00,2.0,2472
2019-01-01 00:00:00,1.9,1750
2019-01-01 00:00:00,1.8,2
2019-01-01 00:00:00,older,471
2019-01-01 00:00:00,unknown,272
2019-01-03 00:00:00,all,25912
2019-01-03 00:00:00,3.3,19
2019-01-03 00:00:00,3.2,4024
2019-01-03 00:00:00,3.1,4469
2019-01-03 00:00:00,3.0,6819
2019-01-03 00:00:00,2.1,5597
2019-01-03 00:00:00,2.0,2468
2019-01-03 00:00:00,1.9,1748
2019-01-03 00:00:00,1.8,2
2019-01-03 00:00:00,older,470
2019-01-03 00:00:00,unknown,273
2019-01-04 00:00:00,all,25888
2019-01-04 00:00:00,3.3,19
2019-01-04 00:00:00,3.2,4025
2019-01-04 00:00:00,3.1,4460
2019-01-04 00:00:00,3.0,6811
2019-01-04 00:00:00,2.1,5597
2019-01-04 00:00:00,2.0,2463
2019-01-04 00:00:00,1.9,1748
2019-01-04 00:00:00,1.8,2
2019-01-04 00:00:00,older,466
2019-01-04 00:00:00,unknown,273
2019-01-06 00:00:00,all,25856
2019-01-06 00:00:00,3.3,21
2019-01-06 00:00:00,3.2,4022
2019-01-06 00:00:00,3.1,4449
2019-01-06 00:00:00,3.0,6806
2019-01-06 00:00:00,2.1,5588
2019-01-06 00:00:00,2.0,2461
2019-01-06 00:00:00,1.9,1747
2019-01-06 00:00:00,1.8,2
2019-01-06 00:00:00,older,464
2019-01-06 00:00:00,unknown,272
2019-01-08 00:00:00,all,25843
2019-01-08 00:00:00,3.3,21
2019-01-08 00:00:00,3.2,4033
2019-01-08 00:00:00,3.1,4440
2019-01-08 00:00:00,3.0,6793
2019-01-08 00:00:00,2.1,5585
2019-01-08 00:00:00,2.0,2462
2019-01-08 00:00:00,1.9,1745
2019-01-08 00:00:00,1.8,2
2019-01-08 00:00:00,older,466
2019-01-08 00:00:00,unknown,273
2019-01-09 00:00:00,all,25828
2019-01-09 00:00:00,3.3,21
2019-01-09 00:00:00,3.2,4035
2019-01-09 00:00:00,3.1,4436
2019-01-09 00:00:00,3.0,6789
2019-01-09 00:00:00,2.1,5574
2019-01-09 00:00:00,2.0,2469
2019-01-09 00:00:00,1.9,1743
2019-01-09 00:00:00,1.8,2
2019-01-09 00:00:00,older,464
2019-01-09 00:00:00,unknown,273
2019-01-10 00:00:00,all,20557
2019-01-10 00:00:00,3.3,21
2019-01-10 00:00:00,3.2,3958
2019-01-10 00:00:00,3.1,4046
2019-01-10 00:00:00,3.0,5357
2019-01-10 00:00:00,2.1,3814
2019-01-10 00:00:00,2.0,1542
2019-01-10 00:00:00,1.9,1266
2019-01-10 00:00:00,older,275
2019-01-10 00:00:00,unknown,261
2019-01-11 00:00:00,all,20482
2019-01-11 00:00:00,3.3,21
2019-01-11 00:00:00,3.2,3939
2019-01-11 00:00:00,3.1,4035
2019-01-11 00:00:00,3.0,5331
2019-01-11 00:00:00,2.1,3797
2019-01-11 00:00:00,2.0,1545
2019-01-11 00:00:00,1.9,1262
2019-01-11 00:00:00,older,274
2019-01-11 00:00:00,unknown,261
2019-01-12 00:00:00,all,20314
2019-01-12 00:00:00,3.3,21
2019-01-12 00:00:00,3.2,3903
2019-01-12 00:00:00,3.1,3996
2019-01-12 00:00:00,3.0,5276
2019-01-12 00:00:00,2.1,3765
2019-01-12 00:00:00,2.0,1542
2019-01-12 00:00:00,1.9,1252
2019-01-12 00:00:00,older,284
2019-01-12 00:00:00,unknown,258
2019-01-13 00:00:00,all,20199
2019-01-13 00:00:00,3.3,21
2019-01-13 00:00:00,3.2,3879
2019-01-13 00:00:00,3.1,3970
2019-01-13 00:00:00,3.0,5228
2019-01-13 00:00:00,2.1,3752
2019-01-13 00:00:00,2.0,1540
2019-01-13 00:00:00,1.9,1249
2019-01-13 00:00:00,older,285
2019-01-13 00:00:00,unknown,257
2019-01-14 00:00:00,all,20007
2019-01-14 00:00:00,3.3,21
2019-01-14 00:00:00,3.2,3811
2019-01-14 00:00:00,3.1,3930
2019-01-14 00:00:00,3.0,5175
2019-01-14 00:00:00,2.1,3721
2019-01-14 00:00:00,2.0,1539
2019-01-14 00:00:00,1.9,1246
2019-01-14 00:00:00,older,289
2019-01-14 00:00:00,unknown,257
2019-01-15 00:00:00,all,19989
2019-01-15 00:00:00,3.3,21
2019-01-15 00:00:00,3.2,3813
2019-01-15 00:00:00,3.1,3925
2019-01-15 00:00:00,3.0,5163
2019-01-15 00:00:00,2.1,3722
2019-01-15 00:00:00,2.0,1535
2019-01-15 00:00:00,1.9,1245
2019-01-15 00:00:00,older,292
2019-01-15 00:00:00,unknown,255
2019-01-16 00:00:00,all,19981
2019-01-16 00:00:00,3.3,21
2019-01-16 00:00:00,3.2,3819
2019-01-16 00:00:00,3.1,3922
2019-01-16 00:00:00,3.0,5155
2019-01-16 00:00:00,2.1,3715
2019-01-16 00:00:00,2.0,1537
2019-01-16 00:00:00,1.9,1244
2019-01-16 00:00:00,older,295
2019-01-16 00:00:00,unknown,255
2019-01-17 00:00:00,all,19977
2019-01-17 00:00:00,3.3,21
2019-01-17 00:00:00,3.2,3824
2019-01-17 00:00:00,3.1,3922
2019-01-17 00:00:00,3.0,5155
2019-01-17 00:00:00,2.1,3710
2019-01-17 00:00:00,2.0,1537
2019-01-17 00:00:00,1.9,1244
2019-01-17 00:00:00,older,291
2019-01-17 00:00:00,unknown,255
2019-01-18 00:00:00,all,19970
2019-01-18 00:00:00,3.3,21
2019-01-18 00:00:00,3.2,3827
2019-01-18 00:00:00,3.1,3921
2019-01-18 00:00:00,3.0,5158
2019-01-18 00:00:00,2.1,3709
2019-01-18 00:00:00,2.0,1535
2019-01-18 00:00:00,1.9,1244
2019-01-18 00:00:00,older,284
2019-01-18 00:00:00,unknown,253
2019-01-19 00:00:00,all,19958
2019-01-19 00:00:00,3.3,21
2019-01-19 00:00:00,3.2,3834
2019-01-19 00:00:00,3.1,3915
2019-01-19 00:00:00,3.0,5147
2019-01-19 00:00:00,2.1,3710
2019-01-19 00:00:00,2.0,1533
2019-01-19 00:00:00,1.9,1243
2019-01-19 00:00:00,older,285
2019-01-19 00:00:00,unknown,252
2019-01-20 00:00:00,all,19929
2019-01-20 00:00:00,3.3,21
2019-01-20 00:00:00,3.2,3834
2019-01-20 00:00:00,3.1,3907
2019-01-20 00:00:00,3.0,5131
2019-01-20 00:00:00,2.1,3704
2019-01-20 00:00:00,2.0,1534
2019-01-20 00:00:00,1.9,1243
2019-01-20 00:00:00,older,283
2019-01-20 00:00:00,unknown,253
2019-01-21 00:00:00,all,19897
2019-01-21 00:00:00,3.3,21
2019-01-21 00:00:00,3.2,3837
2019-01-21 00:00:00,3.1,3896
2019-01-21 00:00:00,3.0,5117
2019-01-21 00:00:00,2.1,3703
2019-01-21 00:00:00,2.0,1528
2019-01-21 00:00:00,1.9,1243
2019-01-21 00:00:00,older,279
2019-01-21 00:00:00,unknown,254
2019-01-22 00:00:00,all,19886
2019-01-22 00:00:00,3.3,20
2019-01-22 00:00:00,3.2,3837
2019-01-22 00:00:00,3.1,3896
2019-01-22 00:00:00,3.0,5109
2019-01-22 00:00:00,2.1,3702
2019-01-22 00:00:00,2.0,1525
2019-01-22 00:00:00,1.9,1243
2019-01-22 00:00:00,older,281
2019-01-22 00:00:00,unknown,254
2019-01-23 00:00:00,all,18329
2019-01-23 00:00:00,3.3,18
2019-01-23 00:00:00,3.2,3430
2019-01-23 00:00:00,3.1,3541
2019-01-23 00:00:00,3.0,4660
2019-01-23 00:00:00,2.1,3476
2019-01-23 00:00:00,2.0,1488
2019-01-23 00:00:00,1.9,1200
2019-01-23 00:00:00,older,260
2019-01-23 00:00:00,unknown,238
2019-01-24 00:00:00,all,18325
2019-01-24 00:00:00,3.3,18
2019-01-24 00:00:00,3.2,3435
2019-01-24 00:00:00,3.1,3531
2019-01-24 00:00:00,3.0,4654
2019-01-24 00:00:00,2.1,3479
2019-01-24 00:00:00,2.0,1487
2019-01-24 00:00:00,1.9,1197
2019-01-24 00:00:00,older,269
2019-01-24 00:00:00,unknown,237
2019-01-25 00:00:00,all,18315
2019-01-25 00:00:00,3.3,18
2019-01-25 00:00:00,3.2,3442
2019-01-25 00:00:00,3.1,3528
2019-01-25 00:00:00,3.0,4640
2019-01-25 00:00:00,2.1,3480
2019-01-25 00:00:00,2.0,1484
2019-01-25 00:00:00,1.9,1197
2019-01-25 00:00:00,older,272
2019-01-25 00:00:00,unknown,236
2019-01-26 00:00:00,all,18231
2019-01-26 00:00:00,3.3,18
2019-01-26 00:00:00,3.2,3439
2019-01-26 00:00:00,3.1,3503
2019-01-26 00:00:00,3.0,4597
2019-01-26 00:00:00,2.1,3466
2019-01-26 00:00:00,2.0,1484
2019-01-26 00:00:00,1.9,1195
2019-01-26 00:00:00,older,275
2019-01-26 00:00:00,unknown,236
2019-01-27 00:00:00,all,18202
2019-01-27 00:00:00,3.3,19
2019-01-27 00:00:00,3.2,3446
2019-01-27 00:00:00,3.1,3485
2019-01-27 00:00:00,3.0,4590
2019-01-27 00:00:00,2.1,3463
2019-01-27 00:00:00,2.0,1482
2019-01-27 00:00:00,1.9,1190
2019-01-27 00:00:00,older,275
2019-01-27 00:00:00,unknown,234
2019-01-28 00:00:00,all,18166
2019-01-28 00:00:00,3.3,19
2019-01-28 00:00:00,3.2,3446
2019-01-28 00:00:00,3.1,3485
2019-01-28 00:00:00,3.0,4571
2019-01-28 00:00:00,2.1,3462
2019-01-28 00:00:00,2.0,1476
2019-01-28 00:00:00,1.9,1186
2019-01-28 00:00:00,older,269
2019-01-28 00:00:00,unknown,234
2019-01-29 00:00:00,all,18126
2019-01-29 00:00:00,3.3,19
2019-01-29 00:00:00,3.2,3452
2019-01-29 00:00:00,3.1,3468
2019-01-29 00:00:00,3.0,4552
2019-01-29 00:00:00,2.1,3462
2019-01-29 00:00:00,2.0,1472
2019-01-29 00:00:00,1.9,1185
2019-01-29 00:00:00,older,264
2019-01-29 00:00:00,unknown,234
2019-01-30 00:00:00,all,18098
2019-01-30 00:00:00,3.3,19
2019-01-30 00:00:00,3.2,3454
2019-01-30 00:00:00,3.1,3459
2019-01-30 00:00:00,3.0,4545
2019-01-30 00:00:00,2.1,3447
2019-01-30 00:00:00,2.0,1482
2019-01-30 00:00:00,1.9,1180
2019-01-30 00:00:00,older,260
2019-01-30 00:00:00,unknown,234
2019-01-31 00:00:00,all,18089
2019-01-31 00:00:00,3.3,20
2019-01-31 00:00:00,3.2,3457
2019-01-31 00:00:00,3.1,3451
2019-01-31 00:00:00,3.0,4546
2019-01-31 00:00:00,2.1,3435
2019-01-31 00:00:00,2.0,1487
2019-01-31 00:00:00,1.9,1181
2019-01-31 00:00:00,older,260
2019-01-31 00:00:00,unknown,234
2019-02-01 00:00:00,all,18081
2019-02-01 00:00:00,3.3,20
2019-02-01 00:00:00,3.2,3459
2019-02-01 00:00:00,3.1,3446
2019-02-01 00:00:00,3.0,4543
2019-02-01 00:00:00,2.1,3420
2019-02-01 00:00:00,2.0,1493
2019-02-01 00:00:00,1.9,1179
2019-02-01 00:00:00,older,268
2019-02-01 00:00:00,unknown,235
2019-02-02 00:00:00,all,18043
2019-02-02 00:00:00,3.3,21
2019-02-02 00:00:00,3.2,3455
2019-02-02 00:00:00,3.1,3427
2019-02-02 00:00:00,3.0,4537
2019-02-02 00:00:00,2.1,3393
2019-02-02 00:00:00,2.0,1505
2019-02-02 00:00:00,1.9,1174
2019-02-02 00:00:00,older,276
2019-02-02 00:00:00,unknown,237
2019-02-03 00:00:00,all,18035
2019-02-03 00:00:00,3.3,21
2019-02-03 00:00:00,3.2,3453
2019-02-03 00:00:00,3.1,3427
2019-02-03 00:00:00,3.0,4524
2019-02-03 00:00:00,2.1,3380
2019-02-03 00:00:00,2.0,1512
2019-02-03 00:00:00,1.9,1172
2019-02-03 00:00:00,older,289
2019-02-03 00:00:00,unknown,240
2019-02-04 00:00:00,all,18028
2019-02-04 00:00:00,3.3,21
2019-02-04 00:00:00,3.2,3450
2019-02-04 00:00:00,3.1,3424
2019-02-04 00:00:00,3.0,4517
2019-02-04 00:00:00,2.1,3378
2019-02-04 00:00:00,2.0,1512
2019-02-04 00:00:00,1.9,1171
2019-02-04 00:00:00,older,298
2019-02-04 00:00:00,unknown,240
2019-02-05 00:00:00,all,18022
2019-02-05 00:00:00,3.3,21
2019-02-05 00:00:00,3.2,3448
2019-02-05 00:00:00,3.1,3427
2019-02-05 00:00:00,3.0,4508
2019-02-05 00:00:00,2.1,3376
2019-02-05 00:00:00,2.0,1513
2019-02-05 00:00:00,1.9,1170
2019-02-05 00:00:00,older,302
2019-02-05 00:00:00,unknown,240
2019-02-06 00:00:00,all,18019
2019-02-06 00:00:00,3.3,21
2019-02-06 00:00:00,3.2,3454
2019-02-06 00:00:00,3.1,3436
2019-02-06 00:00:00,3.0,4503
2019-02-06 00:00:00,2.1,3370
2019-02-06 00:00:00,2.0,1515
2019-02-06 00:00:00,1.9,1171
2019-02-06 00:00:00,older,302
2019-02-06 00:00:00,unknown,240
2019-02-07 00:00:00,all,18012
2019-02-07 00:00:00,3.3,21
2019-02-07 00:00:00,3.2,3453
2019-02-07 00:00:00,3.1,3423
2019-02-07 00:00:00,3.0,4495
2019-02-07 00:00:00,2.1,3370
2019-02-07 00:00:00,2.0,1514
2019-02-07 00:00:00,1.9,1171
2019-02-07 00:00:00,older,312
2019-02-07 00:00:00,unknown,238
2019-02-08 00:00:00,all,18000
2019-02-08 00:00:00,3.3,21
2019-02-08 00:00:00,3.2,3458
2019-02-08 00:00:00,3.1,3416
2019-02-08 00:00:00,3.0,4493
2019-02-08 00:00:00,2.1,3364
2019-02-08 00:00:00,2.0,1507
2019-02-08 00:00:00,1.9,1165
2019-02-08 00:00:00,older,321
2019-02-08 00:00:00,unknown,238
2019-02-09 00:00:00,all,17992
2019-02-09 00:00:00,3.3,21
2019-02-09 00:00:00,3.2,3465
2019-02-09 00:00:00,3.1,3415
2019-02-09 00:00:00,3.0,4488
2019-02-09 00:00:00,2.1,3355
2019-02-09 00:00:00,2.0,1511
2019-02-09 00:00:00,1.9,1163
2019-02-09 00:00:00,older,319
2019-02-09 00:00:00,unknown,238
2019-02-10 00:00:00,all,17966
2019-02-10 00:00:00,3.3,21
2019-02-10 00:00:00,3.2,3468
2019-02-10 00:00:00,3.1,3414
2019-02-10 00:00:00,3.0,4486
2019-02-10 00:00:00,2.1,3336
2019-02-10 00:00:00,2.0,1507
2019-02-10 00:00:00,1.9,1159
2019-02-10 00:00:00,older,320
2019-02-10 00:00:00,unknown,238
2019-02-11 00:00:00,all,17962
2019-02-11 00:00:00,3.3,21
2019-02-11 00:00:00,3.2,3476
2019-02-11 00:00:00,3.1,3407
2019-02-11 00:00:00,3.0,4481
2019-02-11 00:00:00,2.1,3331
2019-02-11 00:00:00,2.0,1511
2019-02-11 00:00:00,1.9,1159
2019-02-11 00:00:00,older,321
2019-02-11 00:00:00,unknown,238
2019-02-12 00:00:00,all,17954
2019-02-12 00:00:00,3.3,21
2019-02-12 00:00:00,3.2,3477
2019-02-12 00:00:00,3.1,3401
2019-02-12 00:00:00,3.0,4488
2019-02-12 00:00:00,2.1,3327
2019-02-12 00:00:00,2.0,1510
2019-02-12 00:00:00,1.9,1153
2019-02-12 00:00:00,older,327
2019-02-12 00:00:00,unknown,233
2019-02-13 00:00:00,all,17949
2019-02-13 00:00:00,3.3,21
2019-02-13 00:00:00,3.2,3475
2019-02-13 00:00:00,3.1,3401
2019-02-13 00:00:00,3.0,4479
2019-02-13 00:00:00,2.1,3331
2019-02-13 00:00:00,2.0,1505
2019-02-13 00:00:00,1.9,1153
2019-02-13 00:00:00,older,334
2019-02-13 00:00:00,unknown,233
2019-02-14 00:00:00,all,17942
2019-02-14 00:00:00,3.3,21
2019-02-14 00:00:00,3.2,3479
2019-02-14 00:00:00,3.1,3399
2019-02-14 00:00:00,3.0,4478
2019-02-14 00:00:00,2.1,3323
2019-02-14 00:00:00,2.0,1507
2019-02-14 00:00:00,1.9,1154
2019-02-14 00:00:00,older,334
2019-02-14 00:00:00,unknown,230
2019-02-15 00:00:00,all,17940
2019-02-15 00:00:00,3.3,21
2019-02-15 00:00:00,3.2,3480
2019-02-15 00:00:00,3.1,3392
2019-02-15 00:00:00,3.0,4476
2019-02-15 00:00:00,2.1,3332
2019-02-15 00:00:00,2.0,1500
2019-02-15 00:00:00,1.9,1154
2019-02-15 00:00:00,older,339
2019-02-15 00:00:00,unknown,229
2019-02-16 00:00:00,all,17932
2019-02-16 00:00:00,3.3,21
2019-02-16 00:00:00,3.2,3485
2019-02-16 00:00:00,3.1,3388
2019-02-16 00:00:00,3.0,4466
2019-02-16 00:00:00,2.1,3343
2019-02-16 00:00:00,2.0,1486
2019-02-16 00:00:00,1.9,1155
2019-02-16 00:00:00,older,343
2019-02-16 00:00:00,unknown,228
2019-02-17 00:00:00,all,17920
2019-02-17 00:00:00,3.3,21
2019-02-17 00:00:00,3.2,3491
2019-02-17 00:00:00,3.1,3383
2019-02-17 00:00:00,3.0,4457
2019-02-17 00:00:00,2.1,3353
2019-02-17 00:00:00,2.0,1472
2019-02-17 00:00:00,1.9,1154
2019-02-17 00:00:00,older,344
2019-02-17 00:00:00,unknown,228
2019-02-18 00:00:00,all,17915
2019-02-18 00:00:00,3.3,21
2019-02-18 00:00:00,3.2,3492
2019-02-18 00:00:00,3.1,3376
2019-02-18 00:00:00,3.0,4456
2019-02-18 00:00:00,2.1,3351
2019-02-18 00:00:00,2.0,1475
2019-02-18 00:00:00,1.9,1154
2019-02-18 00:00:00,older,344
2019-02-18 00:00:00,unknown,228
2019-02-19 00:00:00,all,17907
2019-02-19 00:00:00,3.3,21
2019-02-19 00:00:00,3.2,3496
2019-02-19 00:00:00,3.1,3377
2019-02-19 00:00:00,3.0,4449
2019-02-19 00:00:00,2.1,3349
2019-02-19 00:00:00,2.0,1470
2019-02-19 00:00:00,1.9,1154
2019-02-19 00:00:00,older,345
2019-02-19 00:00:00,unknown,228
2019-02-20 00:00:00,all,17904
2019-02-20 00:00:00,3.3,21
2019-02-20 00:00:00,3.2,3507
2019-02-20 00:00:00,3.1,3373
2019-02-20 00:00:00,3.0,4442
2019-02-20 00:00:00,2.1,3350
2019-02-20 00:00:00,2.0,1464
2019-02-20 00:00:00,1.9,1152
2019-02-20 00:00:00,older,350
2019-02-20 00:00:00,unknown,227
2019-02-21 00:00:00,all,17903
2019-02-21 00:00:00,3.3,21
2019-02-21 00:00:00,3.2,3512
2019-02-21 00:00:00,3.1,3369
2019-02-21 00:00:00,3.0,4437
2019-02-21 00:00:00,2.1,3342
2019-02-21 00:00:00,2.0,1470
2019-02-21 00:00:00,1.9,1151
2019-02-21 00:00:00,older,356
2019-02-21 00:00:00,unknown,227
2019-02-22 00:00:00,all,17895
2019-02-22 00:00:00,3.3,21
2019-02-22 00:00:00,3.2,3508
2019-02-22 00:00:00,3.1,3367
2019-02-22 00:00:00,3.0,4429
2019-02-22 00:00:00,2.1,3333
2019-02-22 00:00:00,2.0,1474
2019-02-22 00:00:00,1.9,1149
2019-02-22 00:00:00,older,370
2019-02-22 00:00:00,unknown,226
2019-02-23 00:00:00,all,17897
2019-02-23 00:00:00,3.3,21
2019-02-23 00:00:00,3.2,3510
2019-02-23 00:00:00,3.1,3363
2019-02-23 00:00:00,3.0,4429
2019-02-23 00:00:00,2.1,3336
2019-02-23 00:00:00,2.0,1474
2019-02-23 00:00:00,1.9,1149
2019-02-23 00:00:00,older,372
2019-02-23 00:00:00,unknown,226
2019-02-24 00:00:00,all,17856
2019-02-24 00:00:00,3.3,21
2019-02-24 00:00:00,3.2,3502
2019-02-24 00:00:00,3.1,3359
2019-02-24 00:00:00,3.0,4420
2019-02-24 00:00:00,2.1,3291
2019-02-24 00:00:00,2.0,1480
2019-02-24 00:00:00,1.9,1144
2019-02-24 00:00:00,older,396
2019-02-24 00:00:00,unknown,226
2019-02-25 00:00:00,all,17835
2019-02-25 00:00:00,3.3,21
2019-02-25 00:00:00,3.2,3506
2019-02-25 00:00:00,3.1,3357
2019-02-25 00:00:00,3.0,4415
2019-02-25 00:00:00,2.1,3277
2019-02-25 00:00:00,2.0,1474
2019-02-25 00:00:00,1.9,1144
2019-02-25 00:00:00,older,398
2019-02-25 00:00:00,unknown,226
2019-02-26 00:00:00,all,17767
2019-02-26 00:00:00,3.3,21
2019-02-26 00:00:00,3.2,3504
2019-02-26 00:00:00,3.1,3345
2019-02-26 00:00:00,3.0,4394
2019-02-26 00:00:00,2.1,3246
2019-02-26 00:00:00,2.0,1472
2019-02-26 00:00:00,1.9,1139
2019-02-26 00:00:00,older,405
2019-02-26 00:00:00,unknown,224
2019-02-27 00:00:00,all,17710
2019-02-27 00:00:00,3.3,21
2019-02-27 00:00:00,3.2,3493
2019-02-27 00:00:00,3.1,3336
2019-02-27 00:00:00,3.0,4375
2019-02-27 00:00:00,2.1,3228
2019-02-27 00:00:00,2.0,1472
2019-02-27 00:00:00,1.9,1137
2019-02-27 00:00:00,older,407
2019-02-27 00:00:00,unknown,224
2019-02-28 00:00:00,all,17708
2019-02-28 00:00:00,3.3,21
2019-02-28 00:00:00,3.2,3496
2019-02-28 00:00:00,3.1,3334
2019-02-28 00:00:00,3.0,4368
2019-02-28 00:00:00,2.1,3225
2019-02-28 00:00:00,2.0,1473
2019-02-28 00:00:00,1.9,1137
2019-02-28 00:00:00,older,412
2019-02-28 00:00:00,unknown,224
2019-03-01 00:00:00,all,17511
2019-03-01 00:00:00,3.3,21
2019-03-01 00:00:00,3.2,3469
2019-03-01 00:00:00,3.1,3317
2019-03-01 00:00:00,3.0,4349
2019-03-01 00:00:00,2.1,3223
2019-03-01 00:00:00,2.0,1444
2019-03-01 00:00:00,1.9,1132
2019-03-01 00:00:00,older,354
2019-03-01 00:00:00,unknown,184
2019-03-02 00:00:00,all,17251
2019-03-02 00:00:00,3.3,20
2019-03-02 00:00:00,3.2,3439
2019-03-02 00:00:00,3.1,3294
2019-03-02 00:00:00,3.0,4327
2019-03-02 00:00:00,2.1,3223
2019-03-02 00:00:00,2.0,1404
2019-03-02 00:00:00,1.9,1124
2019-03-02 00:00:00,older,269
2019-03-02 00:00:00,unknown,136
2019-03-03 00:00:00,all,16972
2019-03-03 00:00:00,3.3,19
2019-03-03 00:00:00,3.2,3359
2019-03-03 00:00:00,3.1,3279
2019-03-03 00:00:00,3.0,4283
2019-03-03 00:00:00,2.1,3219
2019-03-03 00:00:00,2.0,1360
2019-03-03 00:00:00,1.9,1115
2019-03-03 00:00:00,older,151
2019-03-03 00:00:00,unknown,75
2019-03-04 00:00:00,all,16622
2019-03-04 00:00:00,3.3,19
2019-03-04 00:00:00,3.2,3324
2019-03-04 00:00:00,3.1,3261
2019-03-04 00:00:00,3.0,4250
2019-03-04 00:00:00,2.1,3218
2019-03-04 00:00:00,2.0,1322
2019-03-04 00:00:00,1.9,1108
2019-03-04 00:00:00,older,72
2019-03-04 00:00:00,unknown,37
2019-03-05 00:00:00,all,16383
2019-03-05 00:00:00,3.3,20
2019-03-05 00:00:00,3.2,3276
2019-03-05 00:00:00,3.1,3254
2019-03-05 00:00:00,3.0,4240
2019-03-05 00:00:00,2.1,3212
2019-03-05 00:00:00,2.0,1271
2019-03-05 00:00:00,1.9,1102
2019-03-05 00:00:00,older,6
2019-03-06 00:00:00,all,16345
2019-03-06 00:00:00,3.3,20
2019-03-06 00:00:00,3.2,3273
2019-03-06 00:00:00,3.1,3248
2019-03-06 00:00:00,3.0,4227
2019-03-06 00:00:00,2.1,3210
2019-03-06 00:00:00,2.0,1264
2019-03-06 00:00:00,1.9,1100
2019-03-06 00:00:00,older,1
2019-03-07 00:00:00,all,16320
2019-03-07 00:00:00,3.3,21
2019-03-07 00:00:00,3.2,3283
2019-03-07 00:00:00,3.1,3241
2019-03-07 00:00:00,3.0,4211
2019-03-07 00:00:00,2.1,3209
2019-03-07 00:00:00,2.0,1255
2019-03-07 00:00:00,1.9,1098
2019-03-08 00:00:00,all,16269
2019-03-08 00:00:00,3.3,21
2019-03-08 00:00:00,3.2,3274
2019-03-08 00:00:00,3.1,3219
2019-03-08 00:00:00,3.0,4199
2019-03-08 00:00:00,2.1,3205
2019-03-08 00:00:00,2.0,1251
2019-03-08 00:00:00,1.9,1098
2019-03-09 00:00:00,all,16252
2019-03-09 00:00:00,3.3,21
2019-03-09 00:00:00,3.2,3277
2019-03-09 00:00:00,3.1,3215
2019-03-09 00:00:00,3.0,4186
2019-03-09 00:00:00,2.1,3200
2019-03-09 00:00:00,2.0,1253
2019-03-09 00:00:00,1.9,1098
2019-03-10 00:00:00,all,16231
2019-03-10 00:00:00,3.3,22
2019-03-10 00:00:00,3.2,3283
2019-03-10 00:00:00,3.1,3205
2019-03-10 00:00:00,3.0,4178
2019-03-10 00:00:00,2.1,3194
2019-03-10 00:00:00,2.0,1251
2019-03-10 00:00:00,1.9,1096
2019-03-11 00:00:00,all,16193
2019-03-11 00:00:00,3.3,22
2019-03-11 00:00:00,3.2,3278
2019-03-11 00:00:00,3.1,3197
2019-03-11 00:00:00,3.0,4172
2019-03-11 00:00:00,2.1,3189
2019-03-11 00:00:00,2.0,1241
2019-03-11 00:00:00,1.9,1092
2019-03-13 00:00:00,all,16150
2019-03-13 00:00:00,3.3,22
2019-03-13 00:00:00,3.2,3284
2019-03-13 00:00:00,3.1,3183
2019-03-13 00:00:00,3.0,4154
2019-03-13 00:00:00,2.1,3179
2019-03-13 00:00:00,2.0,1238
2019-03-13 00:00:00,1.9,1088
2019-03-15 00:00:00,all,16093
2019-03-15 00:00:00,3.3,22
2019-03-15 00:00:00,3.2,3276
2019-03-15 00:00:00,3.1,3170
2019-03-15 00:00:00,3.0,4134
2019-03-15 00:00:00,2.1,3169
2019-03-15 00:00:00,2.0,1236
2019-03-15 00:00:00,1.9,1084
2019-03-18 00:00:00,all,15972
2019-03-18 00:00:00,3.3,22
2019-03-18 00:00:00,3.2,3250
2019-03-18 00:00:00,3.1,3152
2019-03-18 00:00:00,3.0,4096
2019-03-18 00:00:00,2.1,3144
2019-03-18 00:00:00,2.0,1233
2019-03-18 00:00:00,1.9,1073
2019-03-20 00:00:00,all,15944
2019-03-20 00:00:00,3.3,22
2019-03-20 00:00:00,3.2,3266
2019-03-20 00:00:00,3.1,3144
2019-03-20 00:00:00,3.0,4079
2019-03-20 00:00:00,2.1,3143
2019-03-20 00:00:00,2.0,1221
2019-03-20 00:00:00,1.9,1067
2019-03-22 00:00:00,all,15888
2019-03-22 00:00:00,3.3,22
2019-03-22 00:00:00,3.2,3267
2019-03-22 00:00:00,3.1,3127
2019-03-22 00:00:00,3.0,4065
2019-03-22 00:00:00,2.1,3133
2019-03-22 00:00:00,2.0,1211
2019-03-22 00:00:00,1.9,1061
2019-03-25 00:00:00,all,15842
2019-03-25 00:00:00,3.3,22
2019-03-25 00:00:00,3.2,3273
2019-03-25 00:00:00,3.1,3118
2019-03-25 00:00:00,3.0,4037
2019-03-25 00:00:00,2.1,3128
2019-03-25 00:00:00,2.0,1202
2019-03-25 00:00:00,1.9,1060
2019-03-27 00:00:00,all,15767
2019-03-27 00:00:00,3.3,23
2019-03-27 00:00:00,3.2,3279
2019-03-27 00:00:00,3.1,3070
2019-03-27 00:00:00,3.0,4024
2019-03-27 00:00:00,2.1,3114
2019-03-27 00:00:00,2.0,1199
2019-03-27 00:00:00,1.9,1058
2019-03-29 00:00:00,all,15729
2019-03-29 00:00:00,3.3,23
2019-03-29 00:00:00,3.2,3281
2019-03-29 00:00:00,3.1,3064
2019-03-29 00:00:00,3.0,4005
2019-03-29 00:00:00,2.1,3106
2019-03-29 00:00:00,2.0,1193
2019-03-29 00:00:00,1.9,1055
2019-03-30 00:00:00,all,15721
2019-03-30 00:00:00,3.3,23
2019-03-30 00:00:00,3.2,3289
2019-03-30 00:00:00,3.1,3057
2019-03-30 00:00:00,3.0,4002
2019-03-30 00:00:00,2.1,3100
2019-03-30 00:00:00,2.0,1193
2019-03-30 00:00:00,1.9,1055
2019-03-31 00:00:00,all,15696
2019-03-31 00:00:00,3.3,22
2019-03-31 00:00:00,3.2,3287
2019-03-31 00:00:00,3.1,3054
2019-03-31 00:00:00,3.0,3993
2019-03-31 00:00:00,2.1,3091
2019-03-31 00:00:00,2.0,1193
2019-03-31 00:00:00,1.9,1054
2019-04-01 23:00:00,all,15631
2019-04-01 23:00:00,3.3,22
2019-04-01 23:00:00,3.2,3291
2019-04-01 23:00:00,3.1,3013
2019-04-01 23:00:00,3.0,3975
2019-04-01 23:00:00,2.1,3081
2019-04-01 23:00:00,2.0,1191
2019-04-01 23:00:00,1.9,1054
2019-04-02 23:00:00,all,15617
2019-04-02 23:00:00,3.3,22
2019-04-02 23:00:00,3.2,3296
2019-04-02 23:00:00,3.1,3004
2019-04-02 23:00:00,3.0,3967
2019-04-02 23:00:00,2.1,3080
2019-04-02 23:00:00,2.0,1193
2019-04-02 23:00:00,1.9,1053
2019-04-03 23:00:00,all,15606
2019-04-03 23:00:00,3.3,21
2019-04-03 23:00:00,3.2,3301
2019-04-03 23:00:00,3.1,3001
2019-04-03 23:00:00,3.0,3961
2019-04-03 23:00:00,2.1,3079
2019-04-03 23:00:00,2.0,1189
2019-04-03 23:00:00,1.9,1052
2019-04-04 23:00:00,all,15588
2019-04-04 23:00:00,3.3,22
2019-04-04 23:00:00,3.2,3307
2019-04-04 23:00:00,3.1,2994
2019-04-04 23:00:00,3.0,3955
2019-04-04 23:00:00,2.1,3066
2019-04-04 23:00:00,2.0,1191
2019-04-04 23:00:00,1.9,1052
2019-04-05 23:00:00,all,15577
2019-04-05 23:00:00,3.3,21
2019-04-05 23:00:00,3.2,3313
2019-04-05 23:00:00,3.1,2993
2019-04-05 23:00:00,3.0,3950
2019-04-05 23:00:00,2.1,3064
2019-04-05 23:00:00,2.0,1183
2019-04-05 23:00:00,1.9,1051
2019-04-06 23:00:00,all,15546
2019-04-06 23:00:00,3.3,21
2019-04-06 23:00:00,3.2,3320
2019-04-06 23:00:00,3.1,2986
2019-04-06 23:00:00,3.0,3945
2019-04-06 23:00:00,2.1,3061
2019-04-06 23:00:00,2.0,1168
2019-04-06 23:00:00,1.9,1043
2019-04-07 23:00:00,all,15380
2019-04-07 23:00:00,3.3,21
2019-04-07 23:00:00,3.2,3325
2019-04-07 23:00:00,3.1,2981
2019-04-07 23:00:00,3.0,3935
2019-04-07 23:00:00,2.1,3000
2019-04-07 23:00:00,2.0,1109
2019-04-07 23:00:00,1.9,1007
2019-04-08 23:00:00,all,15367
2019-04-08 23:00:00,3.3,21
2019-04-08 23:00:00,3.2,3341
2019-04-08 23:00:00,3.1,2977
2019-04-08 23:00:00,3.0,3927
2019-04-08 23:00:00,2.1,2990
2019-04-08 23:00:00,2.0,1102
2019-04-08 23:00:00,1.9,1007
2019-04-09 23:00:00,all,15354
2019-04-09 23:00:00,3.3,22
2019-04-09 23:00:00,3.2,3345
2019-04-09 23:00:00,3.1,2973
2019-04-09 23:00:00,3.0,3921
2019-04-09 23:00:00,2.1,2982
2019-04-09 23:00:00,2.0,1103
2019-04-09 23:00:00,1.9,1006
2019-04-10 23:00:00,all,15343
2019-04-10 23:00:00,3.3,22
2019-04-10 23:00:00,3.2,3350
2019-04-10 23:00:00,3.1,2971
2019-04-10 23:00:00,3.0,3912
2019-04-10 23:00:00,2.1,2971
2019-04-10 23:00:00,2.0,1109
2019-04-10 23:00:00,1.9,1006
2019-04-12 23:00:00,all,15323
2019-04-12 23:00:00,3.3,22
2019-04-12 23:00:00,3.2,3358
2019-04-12 23:00:00,3.1,2968
2019-04-12 23:00:00,3.0,3901
2019-04-12 23:00:00,2.1,2951
2019-04-12 23:00:00,2.0,1117
2019-04-12 23:00:00,1.9,1004
2019-04-13 23:00:00,all,15308
2019-04-13 23:00:00,3.3,22
2019-04-13 23:00:00,3.2,3361
2019-04-13 23:00:00,3.1,2966
2019-04-13 23:00:00,3.0,3891
2019-04-13 23:00:00,2.1,2949
2019-04-13 23:00:00,2.0,1114
2019-04-13 23:00:00,1.9,1003
2019-04-14 23:00:00,all,15299
2019-04-14 23:00:00,3.3,22
2019-04-14 23:00:00,3.2,3361
2019-04-14 23:00:00,3.1,2965
2019-04-14 23:00:00,3.0,3884
2019-04-14 23:00:00,2.1,2945
2019-04-14 23:00:00,2.0,1117
2019-04-14 23:00:00,1.9,1003
2019-04-15 23:00:00,all,15289
2019-04-15 23:00:00,3.3,22
2019-04-15 23:00:00,3.2,3362
2019-04-15 23:00:00,3.1,2957
2019-04-15 23:00:00,3.0,3884
2019-04-15 23:00:00,2.1,2937
2019-04-15 23:00:00,2.0,1122
2019-04-15 23:00:00,1.9,1003
2019-04-16 23:00:00,all,15269
2019-04-16 23:00:00,3.3,22
2019-04-16 23:00:00,3.2,3361
2019-04-16 23:00:00,3.1,2951
2019-04-16 23:00:00,3.0,3878
2019-04-16 23:00:00,2.1,2937
2019-04-16 23:00:00,2.0,1117
2019-04-16 23:00:00,1.9,1001
2019-04-17 23:00:00,all,15255
2019-04-17 23:00:00,3.3,22
2019-04-17 23:00:00,3.2,3364
2019-04-17 23:00:00,3.1,2948
2019-04-17 23:00:00,3.0,3867
2019-04-17 23:00:00,2.1,2934
2019-04-17 23:00:00,2.0,1118
2019-04-17 23:00:00,1.9,1000
2019-04-18 23:00:00,all,15236
2019-04-18 23:00:00,3.3,22
2019-04-18 23:00:00,3.2,3359
2019-04-18 23:00:00,3.1,2941
2019-04-18 23:00:00,3.0,3864
2019-04-18 23:00:00,2.1,2934
2019-04-18 23:00:00,2.0,1113
2019-04-18 23:00:00,1.9,1000
2019-04-20 23:00:00,all,15212
2019-04-20 23:00:00,3.3,23
2019-04-20 23:00:00,3.2,3359
2019-04-20 23:00:00,3.1,2939
2019-04-20 23:00:00,3.0,3852
2019-04-20 23:00:00,2.1,2935
2019-04-20 23:00:00,2.0,1105
2019-04-20 23:00:00,1.9,997
2019-04-23 23:00:00,all,15099
2019-04-23 23:00:00,3.3,23
2019-04-23 23:00:00,3.2,3348
2019-04-23 23:00:00,3.1,2922
2019-04-23 23:00:00,3.0,3816
2019-04-23 23:00:00,2.1,2912
2019-04-23 23:00:00,2.0,1098
2019-04-23 23:00:00,1.9,987
2019-04-25 23:00:00,all,15045
2019-04-25 23:00:00,3.3,24
2019-04-25 23:00:00,3.2,3350
2019-04-25 23:00:00,3.1,2915
2019-04-25 23:00:00,3.0,3797
2019-04-25 23:00:00,2.1,2892
2019-04-25 23:00:00,2.0,1085
2019-04-25 23:00:00,1.9,982
2019-04-26 23:00:00,all,15014
2019-04-26 23:00:00,3.3,24
2019-04-26 23:00:00,3.2,3356
2019-04-26 23:00:00,3.1,2914
2019-04-26 23:00:00,3.0,3781
2019-04-26 23:00:00,2.1,2881
2019-04-26 23:00:00,2.0,1077
2019-04-26 23:00:00,1.9,979
2019-04-27 23:00:00,all,14990
2019-04-27 23:00:00,3.3,24
2019-04-27 23:00:00,3.2,3368
2019-04-27 23:00:00,3.1,2908
2019-04-27 23:00:00,3.0,3770
2019-04-27 23:00:00,2.1,2859
2019-04-27 23:00:00,2.0,1082
2019-04-27 23:00:00,1.9,977
2019-04-28 23:00:00,all,14986
2019-04-28 23:00:00,3.3,24
2019-04-28 23:00:00,3.2,3378
2019-04-28 23:00:00,3.1,2907
2019-04-28 23:00:00,3.0,3767
2019-04-28 23:00:00,2.1,2839
2019-04-28 23:00:00,2.0,1093
2019-04-28 23:00:00,1.9,976
2019-04-29 23:00:00,all,14969
2019-04-29 23:00:00,3.3,23
2019-04-29 23:00:00,3.2,3379
2019-04-29 23:00:00,3.1,2905
2019-04-29 23:00:00,3.0,3763
2019-04-29 23:00:00,2.1,2834
2019-04-29 23:00:00,2.0,1088
2019-04-29 23:00:00,1.9,975
2019-04-30 23:00:00,all,14954
2019-04-30 23:00:00,3.3,23
2019-04-30 23:00:00,3.2,3382
2019-04-30 23:00:00,3.1,2901
2019-04-30 23:00:00,3.0,3753
2019-04-30 23:00:00,2.1,2837
2019-04-30 23:00:00,2.0,1084
2019-04-30 23:00:00,1.9,972
2019-05-01 23:00:00,all,14944
2019-05-01 23:00:00,3.3,23
2019-05-01 23:00:00,3.2,3383
2019-05-01 23:00:00,3.1,2896
2019-05-01 23:00:00,3.0,3753
2019-05-01 23:00:00,2.1,2841
2019-05-01 23:00:00,2.0,1073
2019-05-01 23:00:00,1.9,973
2019-05-02 23:00:00,all,14929
2019-05-02 23:00:00,3.3,23
2019-05-02 23:00:00,3.2,3386
2019-05-02 23:00:00,3.1,2895
2019-05-02 23:00:00,3.0,3744
2019-05-02 23:00:00,2.1,2837
2019-05-02 23:00:00,2.0,1071
2019-05-02 23:00:00,1.9,971
2019-05-03 23:00:00,all,14902
2019-05-03 23:00:00,3.3,23
2019-05-03 23:00:00,3.2,3388
2019-05-03 23:00:00,3.1,2892
2019-05-03 23:00:00,3.0,3732
2019-05-03 23:00:00,2.1,2836
2019-05-03 23:00:00,2.0,1062
2019-05-03 23:00:00,1.9,967
2019-05-04 23:00:00,all,14892
2019-05-04 23:00:00,3.3,24
2019-05-04 23:00:00,3.2,3388
2019-05-04 23:00:00,3.1,2887
2019-05-04 23:00:00,3.0,3733
2019-05-04 23:00:00,2.1,2828
2019-05-04 23:00:00,2.0,1064
2019-05-04 23:00:00,1.9,966
2019-05-05 23:00:00,all,14884
2019-05-05 23:00:00,3.3,24
2019-05-05 23:00:00,3.2,3395
2019-05-05 23:00:00,3.1,2884
2019-05-05 23:00:00,3.0,3729
2019-05-05 23:00:00,2.1,2817
2019-05-05 23:00:00,2.0,1069
2019-05-05 23:00:00,1.9,964
2019-05-06 23:00:00,all,14882
2019-05-06 23:00:00,3.3,24
2019-05-06 23:00:00,3.2,3400
2019-05-06 23:00:00,3.1,2882
2019-05-06 23:00:00,3.0,3727
2019-05-06 23:00:00,2.1,2823
2019-05-06 23:00:00,2.0,1067
2019-05-06 23:00:00,1.9,964
2019-05-07 23:00:00,all,14865
2019-05-07 23:00:00,3.3,24
2019-05-07 23:00:00,3.2,3406
2019-05-07 23:00:00,3.1,2878
2019-05-07 23:00:00,3.0,3718
2019-05-07 23:00:00,2.1,2819
2019-05-07 23:00:00,2.0,1057
2019-05-07 23:00:00,1.9,963
2019-05-08 23:00:00,all,14856
2019-05-08 23:00:00,3.3,24
2019-05-08 23:00:00,3.2,3407
2019-05-08 23:00:00,3.1,2875
2019-05-08 23:00:00,3.0,3713
2019-05-08 23:00:00,2.1,2817
2019-05-08 23:00:00,2.0,1056
2019-05-08 23:00:00,1.9,963
2019-05-09 23:00:00,all,14836
2019-05-09 23:00:00,3.3,23
2019-05-09 23:00:00,3.2,3406
2019-05-09 23:00:00,3.1,2872
2019-05-09 23:00:00,3.0,3703
2019-05-09 23:00:00,2.1,2813
2019-05-09 23:00:00,2.0,1055
2019-05-09 23:00:00,1.9,962
2019-05-10 23:00:00,all,14816
2019-05-10 23:00:00,3.3,22
2019-05-10 23:00:00,3.2,3406
2019-05-10 23:00:00,3.1,2868
2019-05-10 23:00:00,3.0,3690
2019-05-10 23:00:00,2.1,2800
2019-05-10 23:00:00,2.0,1068
2019-05-10 23:00:00,1.9,960
2019-05-11 23:00:00,all,14797
2019-05-11 23:00:00,3.3,22
2019-05-11 23:00:00,3.2,3401
2019-05-11 23:00:00,3.1,2865
2019-05-11 23:00:00,3.0,3687
2019-05-11 23:00:00,2.1,2793
2019-05-11 23:00:00,2.0,1067
2019-05-11 23:00:00,1.9,960
2019-05-12 23:00:00,all,14777
2019-05-12 23:00:00,3.3,22
2019-05-12 23:00:00,3.2,3398
2019-05-12 23:00:00,3.1,2858
2019-05-12 23:00:00,3.0,3684
2019-05-12 23:00:00,2.1,2784
2019-05-12 23:00:00,2.0,1070
2019-05-12 23:00:00,1.9,959
2019-05-13 23:00:00,all,14768
2019-05-13 23:00:00,3.3,22
2019-05-13 23:00:00,3.2,3404
2019-05-13 23:00:00,3.1,2855
2019-05-13 23:00:00,3.0,3675
2019-05-13 23:00:00,2.1,2785
2019-05-13 23:00:00,2.0,1066
2019-05-13 23:00:00,1.9,959
2019-05-14 23:00:00,all,14753
2019-05-14 23:00:00,3.3,22
2019-05-14 23:00:00,3.2,3403
2019-05-14 23:00:00,3.1,2849
2019-05-14 23:00:00,3.0,3672
2019-05-14 23:00:00,2.1,2788
2019-05-14 23:00:00,2.0,1058
2019-05-14 23:00:00,1.9,959
2019-05-15 23:00:00,all,14735
2019-05-15 23:00:00,3.3,22
2019-05-15 23:00:00,3.2,3402
2019-05-15 23:00:00,3.1,2843
2019-05-15 23:00:00,3.0,3663
2019-05-15 23:00:00,2.1,2785
2019-05-15 23:00:00,2.0,1060
2019-05-15 23:00:00,1.9,958
2019-05-16 23:00:00,all,14698
2019-05-16 23:00:00,3.3,22
2019-05-16 23:00:00,3.2,3394
2019-05-16 23:00:00,3.1,2836
2019-05-16 23:00:00,3.0,3652
2019-05-16 23:00:00,2.1,2775
2019-05-16 23:00:00,2.0,1059
2019-05-16 23:00:00,1.9,958
2019-05-17 23:00:00,all,14679
2019-05-17 23:00:00,3.3,22
2019-05-17 23:00:00,3.2,3407
2019-05-17 23:00:00,3.1,2830
2019-05-17 23:00:00,3.0,3645
2019-05-17 23:00:00,2.1,2750
2019-05-17 23:00:00,2.0,1065
2019-05-17 23:00:00,1.9,958
2019-05-18 23:00:00,all,14663
2019-05-18 23:00:00,3.3,22
2019-05-18 23:00:00,3.2,3407
2019-05-18 23:00:00,3.1,2829
2019-05-18 23:00:00,3.0,3636
2019-05-18 23:00:00,2.1,2750
2019-05-18 23:00:00,2.0,1060
2019-05-18 23:00:00,1.9,957
2019-05-19 23:00:00,all,14645
2019-05-19 23:00:00,3.3,22
2019-05-19 23:00:00,3.2,3409
2019-05-19 23:00:00,3.1,2822
2019-05-19 23:00:00,3.0,3632
2019-05-19 23:00:00,2.1,2750
2019-05-19 23:00:00,2.0,1055
2019-05-19 23:00:00,1.9,954
2019-05-20 23:00:00,all,14645
2019-05-20 23:00:00,3.3,23
2019-05-20 23:00:00,3.2,3410
2019-05-20 23:00:00,3.1,2823
2019-05-20 23:00:00,3.0,3631
2019-05-20 23:00:00,2.1,2748
2019-05-20 23:00:00,2.0,1055
2019-05-20 23:00:00,1.9,953
2019-05-21 23:00:00,all,14621
2019-05-21 23:00:00,3.3,23
2019-05-21 23:00:00,3.2,3402
2019-05-21 23:00:00,3.1,2817
2019-05-21 23:00:00,3.0,3631
2019-05-21 23:00:00,2.1,2750
2019-05-21 23:00:00,2.0,1044
2019-05-21 23:00:00,1.9,952
2019-05-22 23:00:00,all,14588
2019-05-22 23:00:00,3.3,23
2019-05-22 23:00:00,3.2,3404
2019-05-22 23:00:00,3.1,2816
2019-05-22 23:00:00,3.0,3623
2019-05-22 23:00:00,2.1,2737
2019-05-22 23:00:00,2.0,1040
2019-05-22 23:00:00,1.9,943
2019-05-23 23:00:00,all,14562
2019-05-23 23:00:00,3.3,23
2019-05-23 23:00:00,3.2,3407
2019-05-23 23:00:00,3.1,2812
2019-05-23 23:00:00,3.0,3620
2019-05-23 23:00:00,2.1,2730
2019-05-23 23:00:00,2.0,1031
2019-05-23 23:00:00,1.9,937
2019-05-24 23:00:00,all,14545
2019-05-24 23:00:00,3.3,23
2019-05-24 23:00:00,3.2,3406
2019-05-24 23:00:00,3.1,2807
2019-05-24 23:00:00,3.0,3614
2019-05-24 23:00:00,2.1,2738
2019-05-24 23:00:00,2.0,1019
2019-05-24 23:00:00,1.9,936
2019-05-25 23:00:00,all,14533
2019-05-25 23:00:00,3.3,23
2019-05-25 23:00:00,3.2,3404
2019-05-25 23:00:00,3.1,2807
2019-05-25 23:00:00,3.0,3608
2019-05-25 23:00:00,2.1,2737
2019-05-25 23:00:00,2.0,1016
2019-05-25 23:00:00,1.9,936
2019-05-26 23:00:00,all,14527
2019-05-26 23:00:00,3.3,23
2019-05-26 23:00:00,3.2,3406
2019-05-26 23:00:00,3.1,2804
2019-05-26 23:00:00,3.0,3604
2019-05-26 23:00:00,2.1,2733
2019-05-26 23:00:00,2.0,1017
2019-05-26 23:00:00,1.9,936
2019-05-27 23:00:00,all,14510
2019-05-27 23:00:00,3.3,23
2019-05-27 23:00:00,3.2,3404
2019-05-27 23:00:00,3.1,2800
2019-05-27 23:00:00,3.0,3602
2019-05-27 23:00:00,2.1,2724
2019-05-27 23:00:00,2.0,1019
2019-05-27 23:00:00,1.9,936
2019-05-28 23:00:00,all,14497
2019-05-28 23:00:00,3.3,23
2019-05-28 23:00:00,3.2,3405
2019-05-28 23:00:00,3.1,2796
2019-05-28 23:00:00,3.0,3596
2019-05-28 23:00:00,2.1,2714
2019-05-28 23:00:00,2.0,1016
2019-05-28 23:00:00,1.9,935
2019-05-29 23:00:00,all,14482
2019-05-29 23:00:00,3.3,24
2019-05-29 23:00:00,3.2,3403
2019-05-29 23:00:00,3.1,2790
2019-05-29 23:00:00,3.0,3591
2019-05-29 23:00:00,2.1,2705
2019-05-29 23:00:00,2.0,1033
2019-05-29 23:00:00,1.9,934
2019-05-30 23:00:00,all,14469
2019-05-30 23:00:00,3.3,25
2019-05-30 23:00:00,3.2,3402
2019-05-30 23:00:00,3.1,2787
2019-05-30 23:00:00,3.0,3586
2019-05-30 23:00:00,2.1,2699
2019-05-30 23:00:00,2.0,1034
2019-05-30 23:00:00,1.9,934
2019-05-31 23:00:00,all,14460
2019-05-31 23:00:00,3.3,25
2019-05-31 23:00:00,3.2,3407
2019-05-31 23:00:00,3.1,2782
2019-05-31 23:00:00,3.0,3580
2019-05-31 23:00:00,2.1,2702
2019-05-31 23:00:00,2.0,1028
2019-05-31 23:00:00,1.9,934
2019-06-01 23:00:00,all,14444
2019-06-01 23:00:00,3.3,25
2019-06-01 23:00:00,3.2,3406
2019-06-01 23:00:00,3.1,2777
2019-06-01 23:00:00,3.0,3576
2019-06-01 23:00:00,2.1,2704
2019-06-01 23:00:00,2.0,1022
2019-06-01 23:00:00,1.9,932
2019-06-04 23:00:00,all,14424
2019-06-04 23:00:00,3.3,25
2019-06-04 23:00:00,3.2,3409
2019-06-04 23:00:00,3.1,2769
2019-06-04 23:00:00,3.0,3568
2019-06-04 23:00:00,2.1,2715
2019-06-04 23:00:00,2.0,1006
2019-06-04 23:00:00,1.9,930
2019-06-05 23:00:00,all,14409
2019-06-05 23:00:00,3.3,25
2019-06-05 23:00:00,3.2,3411
2019-06-05 23:00:00,3.1,2766
2019-06-05 23:00:00,3.0,3560
2019-06-05 23:00:00,2.1,2712
2019-06-05 23:00:00,2.0,1003
2019-06-05 23:00:00,1.9,930
2019-06-07 23:00:00,all,14384
2019-06-07 23:00:00,3.3,25
2019-06-07 23:00:00,3.2,3405
2019-06-07 23:00:00,3.1,2762
2019-06-07 23:00:00,3.0,3556
2019-06-07 23:00:00,2.1,2700
2019-06-07 23:00:00,2.0,1005
2019-06-07 23:00:00,1.9,929
2019-06-08 23:00:00,all,14361
2019-06-08 23:00:00,3.3,25
2019-06-08 23:00:00,3.2,3398
2019-06-08 23:00:00,3.1,2759
2019-06-08 23:00:00,3.0,3552
2019-06-08 23:00:00,2.1,2696
2019-06-08 23:00:00,2.0,1002
2019-06-08 23:00:00,1.9,927
2019-06-09 23:00:00,all,14336
2019-06-09 23:00:00,3.3,25
2019-06-09 23:00:00,3.2,3392
2019-06-09 23:00:00,3.1,2752
2019-06-09 23:00:00,3.0,3549
2019-06-09 23:00:00,2.1,2686
2019-06-09 23:00:00,2.0,1004
2019-06-09 23:00:00,1.9,926
2019-06-12 23:00:00,all,14311
2019-06-12 23:00:00,3.3,25
2019-06-12 23:00:00,3.2,3392
2019-06-12 23:00:00,3.1,2745
2019-06-12 23:00:00,3.0,3538
2019-06-12 23:00:00,2.1,2678
2019-06-12 23:00:00,2.0,1010
2019-06-12 23:00:00,1.9,921
2019-06-18 23:00:00,all,14208
2019-06-18 23:00:00,3.3,25
2019-06-18 23:00:00,3.2,3384
2019-06-18 23:00:00,3.1,2711
2019-06-18 23:00:00,3.0,3518
2019-06-18 23:00:00,2.1,2659
2019-06-18 23:00:00,2.0,997
2019-06-18 23:00:00,1.9,912
2019-06-21 23:00:00,all,14119
2019-06-21 23:00:00,3.3,25
2019-06-21 23:00:00,3.2,3388
2019-06-21 23:00:00,3.1,2699
2019-06-21 23:00:00,3.0,3512
2019-06-21 23:00:00,2.1,2570
2019-06-21 23:00:00,2.0,1011
2019-06-21 23:00:00,1.9,912
2019-06-23 23:00:00,all,14070
2019-06-23 23:00:00,3.3,25
2019-06-23 23:00:00,3.2,3387
2019-06-23 23:00:00,3.1,2700
2019-06-23 23:00:00,3.0,3508
2019-06-23 23:00:00,2.1,2539
2019-06-23 23:00:00,2.0,998
2019-06-23 23:00:00,1.9,911
2019-06-26 23:00:00,all,14022
2019-06-26 23:00:00,3.3,25
2019-06-26 23:00:00,3.2,3393
2019-06-26 23:00:00,3.1,2687
2019-06-26 23:00:00,3.0,3495
2019-06-26 23:00:00,2.1,2524
2019-06-26 23:00:00,2.0,987
2019-06-26 23:00:00,1.9,909
2019-06-29 23:00:00,all,13993
2019-06-29 23:00:00,3.3,25
2019-06-29 23:00:00,3.2,3402
2019-06-29 23:00:00,3.1,2677
2019-06-29 23:00:00,3.0,3486
2019-06-29 23:00:00,2.1,2501
2019-06-29 23:00:00,2.0,991
2019-06-29 23:00:00,1.9,909
2019-07-01 23:00:00,all,13964
2019-07-01 23:00:00,3.3,25
2019-07-01 23:00:00,3.2,3403
2019-07-01 23:00:00,3.1,2674
2019-07-01 23:00:00,3.0,3474
2019-07-01 23:00:00,2.1,2482
2019-07-01 23:00:00,2.0,995
2019-07-01 23:00:00,1.9,909
2019-07-03 23:00:00,all,13932
2019-07-03 23:00:00,3.3,24
2019-07-03 23:00:00,3.2,3405
2019-07-03 23:00:00,3.1,2665
2019-07-03 23:00:00,3.0,3462
2019-07-03 23:00:00,2.1,2483
2019-07-03 23:00:00,2.0,986
2019-07-03 23:00:00,1.9,905
2019-07-04 23:00:00,all,13910
2019-07-04 23:00:00,3.3,24
2019-07-04 23:00:00,3.2,3408
2019-07-04 23:00:00,3.1,2662
2019-07-04 23:00:00,3.0,3454
2019-07-04 23:00:00,2.1,2474
2019-07-04 23:00:00,2.0,982
2019-07-04 23:00:00,1.9,904
2019-07-07 23:00:00,all,13868
2019-07-07 23:00:00,3.3,24
2019-07-07 23:00:00,3.2,3412
2019-07-07 23:00:00,3.1,2649
2019-07-07 23:00:00,3.0,3436
2019-07-07 23:00:00,2.1,2466
2019-07-07 23:00:00,2.0,975
2019-07-07 23:00:00,1.9,904
2019-07-11 23:00:00,all,13820
2019-07-11 23:00:00,3.3,24
2019-07-11 23:00:00,3.2,3412
2019-07-11 23:00:00,3.1,2638
2019-07-11 23:00:00,3.0,3427
2019-07-11 23:00:00,2.1,2451
2019-07-11 23:00:00,2.0,968
2019-07-11 23:00:00,1.9,898
2019-07-12 23:00:00,all,13809
2019-07-12 23:00:00,3.3,24
2019-07-12 23:00:00,3.2,3415
2019-07-12 23:00:00,3.1,2637
2019-07-12 23:00:00,3.0,3417
2019-07-12 23:00:00,2.1,2443
2019-07-12 23:00:00,2.0,973
2019-07-12 23:00:00,1.9,898
2019-07-13 23:00:00,all,13783
2019-07-13 23:00:00,3.3,24
2019-07-13 23:00:00,3.2,3419
2019-07-13 23:00:00,3.1,2633
2019-07-13 23:00:00,3.0,3404
2019-07-13 23:00:00,2.1,2429
2019-07-13 23:00:00,2.0,976
2019-07-13 23:00:00,1.9,896
2019-07-19 23:00:00,all,13693
2019-07-19 23:00:00,3.3,24
2019-07-19 23:00:00,3.2,3420
2019-07-19 23:00:00,3.1,2611
2019-07-19 23:00:00,3.0,3376
2019-07-19 23:00:00,2.1,2407
2019-07-19 23:00:00,2.0,969
2019-07-19 23:00:00,1.9,884
2019-07-27 23:00:00,all,13563
2019-07-27 23:00:00,3.3,24
2019-07-27 23:00:00,3.2,3420
2019-07-27 23:00:00,3.1,2585
2019-07-27 23:00:00,3.0,3339
2019-07-27 23:00:00,2.1,2386
2019-07-27 23:00:00,2.0,958
2019-07-27 23:00:00,1.9,854
2019-12-17 00:00:00,all,11454
2019-12-17 00:00:00,3.3,30
2019-12-17 00:00:00,3.2,3174
2019-12-17 00:00:00,3.1,2083
2019-12-17 00:00:00,3.0,2743
2019-12-17 00:00:00,2.1,1957
2019-12-17 00:00:00,2.0,784
2019-12-17 00:00:00,1.9,680
2020-01-18 00:00:00,all,11055
2020-01-18 00:00:00,3.3,33
2020-01-18 00:00:00,3.2,3151
2020-01-18 00:00:00,3.1,2005
2020-01-18 00:00:00,3.0,2576
2020-01-18 00:00:00,2.1,1854
2020-01-18 00:00:00,2.0,765
2020-01-18 00:00:00,1.9,667
2020-02-15 00:00:00,all,10912
2020-02-15 00:00:00,3.3,36
2020-02-15 00:00:00,3.2,3170
2020-02-15 00:00:00,3.1,1945
2020-02-15 00:00:00,3.0,2531
2020-02-15 00:00:00,2.1,1808
2020-02-15 00:00:00,2.0,757
2020-02-15 00:00:00,1.9,662
2020-03-14 00:00:00,all,10735
2020-03-14 00:00:00,3.3,34
2020-03-14 00:00:00,3.2,3183
2020-03-14 00:00:00,3.1,1852
2020-03-14 00:00:00,3.0,2466
2020-03-14 00:00:00,2.1,1787
2020-03-14 00:00:00,2.0,753
2020-03-14 00:00:00,1.9,657
2020-04-10 23:00:00,all,10629
2020-04-10 23:00:00,3.3,40
2020-04-10 23:00:00,3.2,3218
2020-04-10 23:00:00,3.1,1802
2020-04-10 23:00:00,3.0,2423
2020-04-10 23:00:00,2.1,1756
2020-04-10 23:00:00,2.0,745
2020-04-10 23:00:00,1.9,642
2020-05-08 23:00:00,all,10448
2020-05-08 23:00:00,3.3,44
2020-05-08 23:00:00,3.2,3172
2020-05-08 23:00:00,3.1,1775
2020-05-08 23:00:00,3.0,2362
2020-05-08 23:00:00,2.1,1717
2020-05-08 23:00:00,2.0,742
2020-05-08 23:00:00,1.9,632
2020-06-06 23:00:00,all,10197
2020-06-06 23:00:00,3.3,50
2020-06-06 23:00:00,3.2,3080
2020-06-06 23:00:00,3.1,1720
2020-06-06 23:00:00,3.0,2296
2020-06-06 23:00:00,2.1,1703
2020-06-06 23:00:00,2.0,723
2020-06-06 23:00:00,1.9,622
2020-07-03 23:00:00,all,10050
2020-07-03 23:00:00,3.3,57
2020-07-03 23:00:00,3.2,3051
2020-07-03 23:00:00,3.1,1700
2020-07-03 23:00:00,3.0,2244
2020-07-03 23:00:00,2.1,1660
2020-07-03 23:00:00,2.0,726
2020-07-03 23:00:00,1.9,609
2020-07-05 01:42:26,3.3,57
2020-07-05 01:42:26,3.2,3047
2020-07-05 01:42:26,3.1,1698
2020-07-05 01:42:26,3.0,2242
2020-07-05 01:42:26,2.1,1657
2020-07-05 01:42:26,2.0,726
2020-07-05 01:42:26,1.9,609
2020-07-05 09:07:22,3.3,57
2020-07-05 09:07:22,3.2,3045
2020-07-05 09:07:22,3.1,1698
2020-07-05 09:07:22,3.0,2240
2020-07-05 09:07:22,2.1,1657
2020-07-05 09:07:22,2.0,725
2020-07-05 09:07:22,1.9,609
2020-07-06 05:05:13,3.2,3044
2020-07-06 05:05:13,3.1,1697
2020-07-06 05:05:13,3.0,2239
2020-07-06 05:05:13,2.1,1660
2020-07-06 05:05:13,2.0,719
2020-07-06 05:05:13,1.9,609
2020-07-06 05:11:38,3.3,57
2020-07-06 05:11:38,3.2,3044
2020-07-06 05:11:38,3.1,1697
2020-07-06 05:11:38,3.0,2239
2020-07-06 05:11:38,2.1,1660
2020-07-06 05:11:38,2.0,719
2020-07-06 05:11:38,1.9,609
2020-07-07 06:02:57,3.3,57
2020-07-07 06:02:57,3.2,3040
2020-07-07 06:02:57,3.1,1695
2020-07-07 06:02:57,3.0,2235
2020-07-07 06:02:57,2.1,1663
2020-07-07 06:02:57,2.0,716
2020-07-07 06:02:57,1.9,608
2020-07-09 05:11:24,3.3,57
2020-07-09 05:11:24,3.2,3039
2020-07-09 05:11:24,3.1,1694
2020-07-09 05:11:24,3.0,2233
2020-07-09 05:11:24,2.1,1658
2020-07-09 05:11:24,2.0,720
2020-07-09 05:11:24,1.9,608
2020-07-10 05:14:25,3.3,58
2020-07-10 05:14:25,3.2,3040
2020-07-10 05:14:25,3.1,1693
2020-07-10 05:14:25,3.0,2229
2020-07-10 05:14:25,2.1,1648
2020-07-10 05:14:25,2.0,726
2020-07-10 05:14:25,1.9,607
2020-07-11 18:23:36,1.9,607
2020-07-11 18:23:36,2.0,719
2020-07-11 18:23:36,2.1,1650
2020-07-11 18:23:36,3.0,2225
2020-07-11 18:23:36,3.1,1693
2020-07-11 18:23:36,3.2,3041
2020-07-11 18:23:36,3.3,59
2020-07-12 14:33:30,1.9,607
2020-07-12 14:33:30,2.0,716
2020-07-12 14:33:30,2.1,1651
2020-07-12 14:33:30,3.0,2222
2020-07-12 14:33:30,3.1,1692
2020-07-12 14:33:30,3.2,3041
2020-07-12 14:33:30,3.3,59
2020-07-13 05:48:11,1.9,607
2020-07-13 05:48:11,2.0,716
2020-07-13 05:48:11,2.1,1650
2020-07-13 05:48:11,3.0,2222
2020-07-13 05:48:11,3.1,1690
2020-07-13 05:48:11,3.2,3040
2020-07-13 05:48:11,3.3,59
2020-07-14 06:53:41,1.9,607
2020-07-14 06:53:41,2.0,716
2020-07-14 06:53:41,2.1,1649
2020-07-14 06:53:41,3.0,2220
2020-07-14 06:53:41,3.1,1689
2020-07-14 06:53:41,3.2,3040
2020-07-14 06:53:41,3.3,59
2020-07-14 14:59:16,1.9,606
2020-07-14 14:59:16,2.0,715
2020-07-14 14:59:16,2.1,1650
2020-07-14 14:59:16,3.0,2221
2020-07-14 14:59:16,3.1,1688
2020-07-14 14:59:16,3.2,3041
2020-07-14 14:59:16,3.3,60
2020-07-15 05:42:00,1.9,606
2020-07-15 05:42:00,2.0,716
2020-07-15 05:42:00,2.1,1649
2020-07-15 05:42:00,3.0,2218
2020-07-15 05:42:00,3.1,1687
2020-07-15 05:42:00,3.2,3040
2020-07-15 05:42:00,3.3,60
2020-07-15 19:52:30,1.9,606
2020-07-15 19:52:30,2.0,717
2020-07-15 19:52:30,2.1,1647
2020-07-15 19:52:30,3.0,2215
2020-07-15 19:52:30,3.1,1688
2020-07-15 19:52:30,3.2,3042
2020-07-15 19:52:30,3.3,63
2020-07-16 05:34:43,1.9,606
2020-07-16 05:34:43,2.0,718
2020-07-16 05:34:43,2.1,1646
2020-07-16 05:34:43,3.0,2215
2020-07-16 05:34:43,3.1,1688
2020-07-16 05:34:43,3.2,3042
2020-07-16 05:34:43,3.3,63
2020-07-17 21:59:55,1.9,606
2020-07-17 21:59:55,2.0,718
2020-07-17 21:59:55,2.1,1646
2020-07-17 21:59:55,3.0,2214
2020-07-17 21:59:55,3.1,1687
2020-07-17 21:59:55,3.2,3047
2020-07-17 21:59:55,3.3,63
2020-07-18 08:10:48,1.9,606
2020-07-18 08:10:48,2.0,717
2020-07-18 08:10:48,2.1,1647
2020-07-18 08:10:48,3.0,2214
2020-07-18 08:10:48,3.1,1687
2020-07-18 08:10:48,3.2,3047
2020-07-18 08:10:48,3.3,63
2020-07-18 14:06:04,1.9,604
2020-07-18 14:06:04,2.0,715
2020-07-18 14:06:04,2.1,1649
2020-07-18 14:06:04,3.0,2213
2020-07-18 14:06:04,3.1,1687
2020-07-18 14:06:04,3.2,3048
2020-07-18 14:06:04,3.3,63
2020-07-19 08:01:36,1.9,604
2020-07-19 08:01:36,2.0,715
2020-07-19 08:01:36,2.1,1649
2020-07-19 08:01:36,3.0,2213
2020-07-19 08:01:36,3.1,1686
2020-07-19 08:01:36,3.2,3047
2020-07-19 08:01:36,3.3,63
2020-07-19 16:34:12,1.9,603
2020-07-19 16:34:12,2.0,716
2020-07-19 16:34:12,2.1,1647
2020-07-19 16:34:12,3.0,2212
2020-07-19 16:34:12,3.1,1686
2020-07-19 16:34:12,3.2,3048
2020-07-19 16:34:12,3.3,62
2020-07-20 16:32:14,1.9,602
2020-07-20 16:32:14,2.0,718
2020-07-20 16:32:14,2.1,1644
2020-07-20 16:32:14,3.0,2209
2020-07-20 16:32:14,3.1,1686
2020-07-20 16:32:14,3.2,3047
2020-07-20 16:32:14,3.3,62
2020-07-21 06:56:05,1.9,602
2020-07-21 06:56:05,2.0,717
2020-07-21 06:56:05,2.1,1644
2020-07-21 06:56:05,3.0,2207
2020-07-21 06:56:05,3.1,1686
2020-07-21 06:56:05,3.2,3047
2020-07-21 06:56:05,3.3,61
2020-07-22 05:25:15,1.9,601
2020-07-22 05:25:15,2.0,717
2020-07-22 05:25:15,2.1,1644
2020-07-22 05:25:15,3.0,2204
2020-07-22 05:25:15,3.1,1685
2020-07-22 05:25:15,3.2,3045
2020-07-22 05:25:15,3.3,61
2020-07-23 06:46:27,1.9,601
2020-07-23 06:46:27,2.0,716
2020-07-23 06:46:27,2.1,1645
2020-07-23 06:46:27,3.0,2202
2020-07-23 06:46:27,3.1,1682
2020-07-23 06:46:27,3.2,3044
2020-07-23 06:46:27,3.3,61
2020-07-24 06:32:35,1.9,601
2020-07-24 06:32:35,2.0,719
2020-07-24 06:32:35,2.1,1640
2020-07-24 06:32:35,3.0,2203
2020-07-24 06:32:35,3.1,1682
2020-07-24 06:32:35,3.2,3045
2020-07-24 06:32:35,3.3,61
2020-07-24 17:08:54,1.9,601
2020-07-24 17:08:54,2.0,717
2020-07-24 17:08:54,2.1,1642
2020-07-24 17:08:54,3.0,2204
2020-07-24 17:08:54,3.1,1682
2020-07-24 17:08:54,3.2,3045
2020-07-24 17:08:54,3.3,61
2020-07-25 06:13:24,1.9,601
2020-07-25 06:13:24,2.0,718
2020-07-25 06:13:24,2.1,1641
2020-07-25 06:13:24,3.0,2204
2020-07-25 06:13:24,3.1,1680
2020-07-25 06:13:24,3.2,3043
2020-07-25 06:13:24,3.3,61
2020-07-26 04:07:22,1.9,601
2020-07-26 04:07:22,2.0,719
2020-07-26 04:07:22,2.1,1639
2020-07-26 04:07:22,3.0,2203
2020-07-26 04:07:22,3.1,1678
2020-07-26 04:07:22,3.2,3040
2020-07-26 04:07:22,3.3,61
2020-07-27 06:02:11,1.9,600
2020-07-27 06:02:11,2.0,721
2020-07-27 06:02:11,2.1,1638
2020-07-27 06:02:11,3.0,2203
2020-07-27 06:02:11,3.1,1673
2020-07-27 06:02:11,3.2,3038
2020-07-27 06:02:11,3.3,61
2020-07-28 05:39:06,1.9,599
2020-07-28 05:39:06,2.0,721
2020-07-28 05:39:06,2.1,1638
2020-07-28 05:39:06,3.0,2201
2020-07-28 05:39:06,3.1,1673
2020-07-28 05:39:06,3.2,3035
2020-07-28 05:39:06,3.3,61
2020-07-29 06:09:24,1.9,599
2020-07-29 06:09:24,2.0,716
2020-07-29 06:09:24,2.1,1641
2020-07-29 06:09:24,3.0,2201
2020-07-29 06:09:24,3.1,1673
2020-07-29 06:09:24,3.2,3033
2020-07-29 06:09:24,3.3,60
2020-07-31 06:35:22,1.9,597
2020-07-31 06:35:22,2.0,718
2020-07-31 06:35:22,2.1,1637
2020-07-31 06:35:22,3.0,2196
2020-07-31 06:35:22,3.1,1669
2020-07-31 06:35:22,3.2,3032
2020-07-31 06:35:22,3.3,59
2020-08-01 06:27:43,1.9,597
2020-08-01 06:27:43,2.0,722
2020-08-01 06:27:43,2.1,1630
2020-08-01 06:27:43,3.0,2192
2020-08-01 06:27:43,3.1,1670
2020-08-01 06:27:43,3.2,3028
2020-08-01 06:27:43,3.3,59
2020-08-02 06:46:39,1.9,597
2020-08-02 06:46:39,2.0,723
2020-08-02 06:46:39,2.1,1628
2020-08-02 06:46:39,3.0,2189
2020-08-02 06:46:39,3.1,1671
2020-08-02 06:46:39,3.2,3030
2020-08-02 06:46:39,3.3,59
2020-08-03 05:16:24,1.9,597
2020-08-03 05:16:24,2.0,719
2020-08-03 05:16:24,2.1,1625
2020-08-03 05:16:24,3.0,2187
2020-08-03 05:16:24,3.1,1672
2020-08-03 05:16:24,3.2,3030
2020-08-03 05:16:24,3.3,60
2020-08-04 06:04:14,1.9,597
2020-08-04 06:04:14,2.0,718
2020-08-04 06:04:14,2.1,1619
2020-08-04 06:04:14,3.0,2187
2020-08-04 06:04:14,3.1,1672
2020-08-04 06:04:14,3.2,3031
2020-08-04 06:04:14,3.3,60
2020-08-05 06:56:33,1.9,597
2020-08-05 06:56:33,2.0,719
2020-08-05 06:56:33,2.1,1606
2020-08-05 06:56:33,3.0,2181
2020-08-05 06:56:33,3.1,1672
2020-08-05 06:56:33,3.2,3028
2020-08-05 06:56:33,3.3,59
